[{"model": "admin.logentry", "pk": 1, "fields": {"action_time": "2025-10-16T12:11:29.143Z", "user": 1, "content_type": 7, "object_id": "1", "object_repr": "Sword of Destiny", "action_flag": 1, "change_message": "[{\"added\": {}}]"}}, {"model": "admin.logentry", "pk": 2, "fields": {"action_time": "2025-10-16T12:30:22.861Z", "user": 1, "content_type": 7, "object_id": "2", "object_repr": "Legendary Sword", "action_flag": 1, "change_message": "[{\"added\": {}}]"}}, {"model": "admin.logentry", "pk": 3, "fields": {"action_time": "2025-10-16T12:31:26.727Z", "user": 1, "content_type": 7, "object_id": "3", "object_repr": "Heavy Armor", "action_flag": 1, "change_message": "[{\"added\": {}}]"}}, {"model": "admin.logentry", "pk": 4, "fields": {"action_time": "2025-10-16T12:31:55.515Z", "user": 1, "content_type": 7, "object_id": "4", "object_repr": "Warrior Helmet", "action_flag": 1, "change_message": "[{\"added\": {}}]"}}, {"model": "admin.logentry", "pk": 5, "fields": {"action_time": "2025-10-16T12:32:13.765Z", "user": 1, "content_type": 7, "object_id": "5", "object_repr": "Light Boots", "action_flag": 1, "change_message": "[{\"added\": {}}]"}}, {"model": "admin.logentry", "pk": 6, "fields": {"action_time": "2025-10-16T12:36:19.110Z", "user": 1, "content_type": 8, "object_id": "1", "object_repr": "SonOfZeus", "action_flag": 1, "change_message": "[{\"added\": {}}]"}}, {"model": "admin.logentry", "pk": 7, "fields": {"action_time": "2025-10-16T12:41:58.537Z", "user": 1, "content_type": 7, "object_id": "6", "object_repr": "Phoenix Sword", "action_flag": 1, "change_message": "[{\"added\": {}}]"}}, {"model": "admin.logentry", "pk": 8, "fields": {"action_time": "2025-10-16T12:42:22.031Z", "user": 1, "content_type": 7, "object_id": "7", "object_repr": "Immortal Helmet", "action_flag": 1, "change_message": "[{\"added\": {}}]"}}, {"model": "admin.logentry", "pk": 9, "fields": {"action_time": "2025-10-16T12:42:40.193Z", "user": 1, "content_type": 7, "object_id": "8", "object_repr": "Divine Armor", "action_flag": 1, "change_message": "[{\"added\": {}}]"}}, {"model": "admin.logentry", "pk": 10, "fields": {"action_time": "2025-10-16T12:42:55.233Z", "user": 1, "content_type": 7, "object_id": "9", "object_repr": "Speed Boots", "action_flag": 1, "change_message": "[{\"added\": {}}]"}}, {"model": "admin.logentry", "pk": 11, "fields": {"action_time": "2025-10-16T16:39:14.317Z", "user": 1, "content_type": 8, "object_id": "2", "object_repr": "Doto", "action_flag": 2, "change_message": "[{\"changed\": {\"fields\": [\"Name\", \"main_weapon\", \"helmet\", \"armor\", \"boots\"]}}]"}}, {"model": "admin.logentry", "pk": 12, "fields": {"action_time": "2025-10-16T16:39:17.237Z", "user": 1, "content_type": 10, "object_id": "2", "object_repr": "Subclass Info for Doto", "action_flag": 2, "change_message": "[]"}}, {"model": "auth.user", "pk": 1, "fields": {"password": "pbkdf2_sha256$1000000$TODmOsiOMwUoBhO1lmiaJj$PvJEqj93JoODpjiHX6O0zXsd5oR7fHV5b5VGWQQW9pA=", "last_login": "2026-02-16T09:00:13.040Z", "is_superuser": true, "username": "admin", "first_name": "", "last_name": "", "email": "chluik277@gmail.com", "is_staff": true, "is_active": true, "date_joined": "2025-10-16T11:38:20.687Z", "groups": [], "user_permissions": []}}, {"model": "auth.user", "pk": 2, "fields": {"password": "pbkdf2_sha256$1000000$NpWBEBQO2vNHxqWn54saln$X58GtA4IjmyOff2ahG3V2xVS238MWBOSWoJ2VXLU13I=", "last_login": "2026-02-16T09:16:37.494Z", "is_superuser": false, "username": "player1", "first_name": "", "last_name": "", "email": "player1@example.com", "is_staff": false, "is_active": true, "date_joined": "2026-01-30T12:59:56.226Z", "groups": [], "user_permissions": []}}, {"model": "auth.user", "pk": 3, "fields": {"password": "pbkdf2_sha256$1000000$g4SGRanv9Y5hv9KqMXj9Ai$lnvCIHpzuF8e4V58CNuU+XLiu5NJmzH6jxXqqnu4f6k=", "last_login": "2026-02-14T16:23:18.771Z", "is_superuser": false, "username": "rani", "first_name": "", "last_name": "", "email": "", "is_staff": false, "is_active": true, "date_joined": "2026-02-14T16:22:23.282Z", "groups": [], "user_permissions": []}}, {"model": "auth.user", "pk": 5, "fields": {"password": "pbkdf2_sha256$1000000$jhtGSvsNlbrABh6O0SSU5Y$EkyT8o9uJMm2VrnSF6b/u/CBD0+n24hb0KICM7Wpl4o=", "last_login": "2026-02-15T08:54:41.654Z", "is_superuser": false, "username": "cika", "first_name": "", "last_name": "", "email": "", "is_staff": false, "is_active": true, "date_joined": "2026-02-14T16:22:55.916Z", "groups": [], "user_permissions": []}}, {"model": "auth.user", "pk": 6, "fields": {"password": "pbkdf2_sha256$1000000$sbzP9l3yoMJkR6rSsGDjcS$Au1o5ETQNHLFyxDeNpGBmyqGB1U7QZyGzpY4oDQzO7M=", "last_login": "2026-02-16T09:10:22.650Z", "is_superuser": false, "username": "snow", "first_name": "", "last_name": "", "email": "", "is_staff": false, "is_active": true, "date_joined": "2026-02-16T09:10:00.718Z", "groups": [], "user_permissions": []}}, {"model": "items.discordalarm", "pk": 6, "fields": {"day": 0, "time": "20:30:00", "message": "🐉 Server Invasion dimulai dalam 30 menit! @everyone segera persiapkan diri!", "is_active": true}}, {"model": "items.discordalarm", "pk": 7, "fields": {"day": 2, "time": "20:30:00", "message": "🐉 Server Invasion dimulai dalam 30 menit! @everyone segera persiapkan diri!", "is_active": true}}, {"model": "items.discordalarm", "pk": 8, "fields": {"day": 4, "time": "20:30:00", "message": "🐉 Server Invasion dimulai dalam 30 menit! @everyone segera persiapkan diri!", "is_active": true}}, {"model": "items.discordalarm", "pk": 9, "fields": {"day": 1, "time": "19:30:00", "message": "⚔️ Boss Rush dimulai dalam 30 menit! Kumpul di Guild Hall.", "is_active": true}}, {"model": "items.discordalarm", "pk": 10, "fields": {"day": 3, "time": "19:30:00", "message": "⚔️ Boss Rush dimulai dalam 30 menit! Kumpul di Guild Hall.", "is_active": true}}, {"model": "items.discordalarm", "pk": 11, "fields": {"day": 5, "time": "20:30:00", "message": "🏛️ Clan Catacombs akan dibuka! 30 menit lagi.", "is_active": true}}, {"model": "items.discordalarm", "pk": 12, "fields": {"day": 6, "time": "20:30:00", "message": "🏛️ Clan Catacombs akan dibuka! 30 menit lagi.", "is_active": true}}, {"model": "items.discordalarm", "pk": 14, "fields": {"day": 6, "time": "18:00:00", "message": "Tesssssssssssss", "is_active": true}}, {"model": "items.discordannouncement", "pk": 1, "fields": {"message": "testttt", "created_at": "2026-02-06T14:06:19.792Z", "is_sent": true, "sent_at": "2026-02-06T22:06:38.639Z"}}, {"model": "items.discordannouncement", "pk": 2, "fields": {"message": "cobaaaaa aa", "created_at": "2026-02-06T15:13:12.721Z", "is_sent": true, "sent_at": "2026-02-06T23:13:38.081Z"}}, {"model": "items.discordannouncement", "pk": 3, "fields": {"message": "tesssss dsfsdfsdfsd", "created_at": "2026-02-11T16:02:16.167Z", "is_sent": true, "sent_at": "2026-02-12T00:02:39.739Z"}}, {"model": "items.discordannouncement", "pk": 4, "fields": {"message": "teessss announcement cokkkkkkkkk", "created_at": "2026-02-11T16:10:38.738Z", "is_sent": true, "sent_at": "2026-02-12T00:10:40.322Z"}}, {"model": "items.discordannouncement", "pk": 5, "fields": {"message": "[NOTIFICATION] ✅ **SonOfZeus** has been verified for **user rtess (01)**!", "created_at": "2026-02-16T09:26:41.073Z", "is_sent": true, "sent_at": "2026-02-16T17:27:09.414Z"}}, {"model": "items.discordannouncement", "pk": 6, "fields": {"message": "[NOTIFICATION] ✅ **leo** has been verified for **user rtess (01)**!", "created_at": "2026-02-16T09:27:29.072Z", "is_sent": true, "sent_at": "2026-02-16T17:28:09.465Z"}}, {"model": "items.discordannouncement", "pk": 7, "fields": {"message": "[DM:563660302466678801] ✅ **SonOfZeus**, kehadiran kamu di event **even baruuu black (12)** sudah diverifikasi Admin!", "created_at": "2026-02-16T09:33:47.674Z", "is_sent": true, "sent_at": "2026-02-16T17:34:09.260Z"}}, {"model": "items.discordannouncement", "pk": 8, "fields": {"message": "[DM:1467027835259453625] ✅ **leo**, kehadiran kamu di event **even baruuu black (12)** sudah diverifikasi Admin!", "created_at": "2026-02-16T09:33:50.639Z", "is_sent": true, "sent_at": "2026-02-16T17:34:11.521Z"}}, {"model": "items.discordannouncement", "pk": 9, "fields": {"message": "[NOTIFICATION] ✅ <@1467027835259453625> (**leo**) kehadiran kamu di event **eventt lagiiiii 16 2 (16 2 26)** sudah diverifikasi Admin!", "created_at": "2026-02-16T09:41:01.247Z", "is_sent": true, "sent_at": "2026-02-16T17:41:36.498Z"}}, {"model": "items.discordannouncement", "pk": 10, "fields": {"message": "[NOTIFICATION] ✅ <@563660302466678801> (**SonOfZeus**) kehadiran kamu di event **eventt lagiiiii 16 2 (16 2 26)** sudah diverifikasi Admin!", "created_at": "2026-02-16T09:41:02.747Z", "is_sent": true, "sent_at": "2026-02-16T17:41:38.459Z"}}, {"model": "items.discordannouncement", "pk": 11, "fields": {"message": "[DM:1467027835259453625] ✅ **leo**, kehadiran kamu di event **tesdsfdslk fdsjklds ds (1321wq)** sudah diverifikasi Admin!", "created_at": "2026-02-16T09:46:39.475Z", "is_sent": true, "sent_at": "2026-02-16T17:47:24.833Z"}}, {"model": "items.discordannouncement", "pk": 12, "fields": {"message": "[DM:563660302466678801] ✅ **SonOfZeus**, kehadiran kamu di event **tesdsfdslk fdsjklds ds (1321wq)** sudah diverifikasi Admin!", "created_at": "2026-02-16T09:46:40.947Z", "is_sent": true, "sent_at": "2026-02-16T17:47:27.014Z"}}, {"model": "items.item", "pk": 655, "fields": {"name": "Icon Acc Bmearring G0 001", "item_type": "Accessory", "icon_file": "Icon_ACC_BMEarring_G0_001.png", "enchant_level": 3, "grade": "G0", "slot": "Accessory", "attack_power": 0, "defense_power": 0}}, {"model": "items.item", "pk": 656, "fields": {"name": "Icon Acc Bmearring G0 002", "item_type": "Accessory", "icon_file": "Icon_ACC_BMEarring_G0_002.png", "enchant_level": 4, "grade": "G0", "slot": "Accessory", "attack_power": 0, "defense_power": 0}}, {"model": "items.item", "pk": 657, "fields": {"name": "Icon Acc Necklace G2 001", "item_type": "Accessory", "icon_file": "Icon_ACC_Necklace_G2_001.png", "enchant_level": 3, "grade": "G2", "slot": "Accessory", "attack_power": 184, "defense_power": 74}}, {"model": "items.item", "pk": 658, "fields": {"name": "Icon Acc Necklace G2 002", "item_type": "Accessory", "icon_file": "Icon_ACC_Necklace_G2_002.png", "enchant_level": 4, "grade": "G2", "slot": "Accessory", "attack_power": 52, "defense_power": 70}}, {"model": "items.item", "pk": 659, "fields": {"name": "Icon Acc Necklace G2 003", "item_type": "Accessory", "icon_file": "Icon_ACC_Necklace_G2_003.png", "enchant_level": 6, "grade": "G2", "slot": "Accessory", "attack_power": 118, "defense_power": 188}}, {"model": "items.item", "pk": 660, "fields": {"name": "Icon Acc Necklace G2 004", "item_type": "Accessory", "icon_file": "Icon_ACC_Necklace_G2_004.png", "enchant_level": 8, "grade": "G2", "slot": "Accessory", "attack_power": 30, "defense_power": 168}}, {"model": "items.item", "pk": 661, "fields": {"name": "Icon Acc Necklace G3 001", "item_type": "Accessory", "icon_file": "Icon_ACC_Necklace_G3_001.png", "enchant_level": 7, "grade": "G3", "slot": "Accessory", "attack_power": 105, "defense_power": 252}}, {"model": "items.item", "pk": 662, "fields": {"name": "Icon Acc Necklace G3 001 Lavquc3", "item_type": "Accessory", "icon_file": "Icon_ACC_Necklace_G3_001_lAVquC3.png", "enchant_level": 3, "grade": "G3", "slot": "Accessory", "attack_power": 264, "defense_power": 93}}, {"model": "items.item", "pk": 663, "fields": {"name": "Icon Acc Necklace G3 001 Tz9U10V", "item_type": "Accessory", "icon_file": "Icon_ACC_Necklace_G3_001_tZ9U10V.png", "enchant_level": 8, "grade": "G3", "slot": "Accessory", "attack_power": 177, "defense_power": 39}}, {"model": "items.item", "pk": 664, "fields": {"name": "Icon Acc Necklace G3 002", "item_type": "Accessory", "icon_file": "Icon_ACC_Necklace_G3_002.png", "enchant_level": 6, "grade": "G3", "slot": "Accessory", "attack_power": 291, "defense_power": 291}}, {"model": "items.item", "pk": 665, "fields": {"name": "Icon Acc Necklace G3 002 Os11Usl", "item_type": "Accessory", "icon_file": "Icon_ACC_Necklace_G3_002_OS11uSl.png", "enchant_level": 7, "grade": "G3", "slot": "Accessory", "attack_power": 276, "defense_power": 129}}, {"model": "items.item", "pk": 666, "fields": {"name": "Icon Acc Necklace G3 002 Xws1Dce", "item_type": "Accessory", "icon_file": "Icon_ACC_Necklace_G3_002_XWs1dCe.png", "enchant_level": 7, "grade": "G3", "slot": "Accessory", "attack_power": 57, "defense_power": 237}}, {"model": "items.item", "pk": 667, "fields": {"name": "Icon Acc Necklace G3 003", "item_type": "Accessory", "icon_file": "Icon_ACC_Necklace_G3_003.png", "enchant_level": 5, "grade": "G3", "slot": "Accessory", "attack_power": 225, "defense_power": 291}}, {"model": "items.item", "pk": 668, "fields": {"name": "Icon Acc Necklace G3 003 Reexzlz", "item_type": "Accessory", "icon_file": "Icon_ACC_Necklace_G3_003_REExzLz.png", "enchant_level": 4, "grade": "G3", "slot": "Accessory", "attack_power": 96, "defense_power": 219}}, {"model": "items.item", "pk": 669, "fields": {"name": "Icon Acc Necklace G3 003 Wd01Uuh", "item_type": "Accessory", "icon_file": "Icon_ACC_Necklace_G3_003_wD01uUH.png", "enchant_level": 7, "grade": "G3", "slot": "Accessory", "attack_power": 198, "defense_power": 294}}, {"model": "items.item", "pk": 670, "fields": {"name": "Icon Acc Necklace G3 004", "item_type": "Accessory", "icon_file": "Icon_ACC_Necklace_G3_004.png", "enchant_level": 5, "grade": "G3", "slot": "Accessory", "attack_power": 51, "defense_power": 135}}, {"model": "items.item", "pk": 671, "fields": {"name": "Icon Acc Necklace G3 004 E28Xj1H", "item_type": "Accessory", "icon_file": "Icon_ACC_Necklace_G3_004_e28xJ1h.png", "enchant_level": 8, "grade": "G3", "slot": "Accessory", "attack_power": 210, "defense_power": 87}}, {"model": "items.item", "pk": 672, "fields": {"name": "Icon Acc Necklace G3 004 Fivflic", "item_type": "Accessory", "icon_file": "Icon_ACC_Necklace_G3_004_FiVflic.png", "enchant_level": 4, "grade": "G3", "slot": "Accessory", "attack_power": 252, "defense_power": 171}}, {"model": "items.item", "pk": 673, "fields": {"name": "Icon Acc Necklace G3 005", "item_type": "Accessory", "icon_file": "Icon_ACC_Necklace_G3_005.png", "enchant_level": 3, "grade": "G3", "slot": "Accessory", "attack_power": 87, "defense_power": 54}}, {"model": "items.item", "pk": 674, "fields": {"name": "Icon Acc Necklace G3 005 B99Xxwc", "item_type": "Accessory", "icon_file": "Icon_ACC_Necklace_G3_005_b99XXwc.png", "enchant_level": 7, "grade": "G3", "slot": "Accessory", "attack_power": 36, "defense_power": 300}}, {"model": "items.item", "pk": 675, "fields": {"name": "Icon Acc Necklace G3 005 Oiy0Flh", "item_type": "Accessory", "icon_file": "Icon_ACC_Necklace_G3_005_oiY0FLh.png", "enchant_level": 7, "grade": "G3", "slot": "Accessory", "attack_power": 219, "defense_power": 30}}, {"model": "items.item", "pk": 676, "fields": {"name": "Icon Acc Necklace G3 006", "item_type": "Accessory", "icon_file": "Icon_ACC_Necklace_G3_006.png", "enchant_level": 5, "grade": "G3", "slot": "Accessory", "attack_power": 162, "defense_power": 138}}, {"model": "items.item", "pk": 677, "fields": {"name": "Icon Acc Necklace G3 006 0S0Wna6", "item_type": "Accessory", "icon_file": "Icon_ACC_Necklace_G3_006_0S0wnA6.png", "enchant_level": 5, "grade": "G3", "slot": "Accessory", "attack_power": 237, "defense_power": 291}}, {"model": "items.item", "pk": 678, "fields": {"name": "Icon Acc Necklace G3 006 Iazmjwj", "item_type": "Accessory", "icon_file": "Icon_ACC_Necklace_G3_006_iaZMJWj.png", "enchant_level": 3, "grade": "G3", "slot": "Accessory", "attack_power": 66, "defense_power": 54}}, {"model": "items.item", "pk": 679, "fields": {"name": "Icon Acc Necklace G3 007", "item_type": "Accessory", "icon_file": "Icon_ACC_Necklace_G3_007.png", "enchant_level": 5, "grade": "G3", "slot": "Accessory", "attack_power": 132, "defense_power": 108}}, {"model": "items.item", "pk": 680, "fields": {"name": "Icon Acc Necklace G3 007 G5Dcvlh", "item_type": "Accessory", "icon_file": "Icon_ACC_Necklace_G3_007_G5dCVLh.png", "enchant_level": 3, "grade": "G3", "slot": "Accessory", "attack_power": 153, "defense_power": 66}}, {"model": "items.item", "pk": 681, "fields": {"name": "Icon Acc Necklace G3 007 Ta6R7Zt", "item_type": "Accessory", "icon_file": "Icon_ACC_Necklace_G3_007_TA6r7zT.png", "enchant_level": 4, "grade": "G3", "slot": "Accessory", "attack_power": 114, "defense_power": 234}}, {"model": "items.item", "pk": 682, "fields": {"name": "Icon Acc Necklace G4 007", "item_type": "Accessory", "icon_file": "Icon_ACC_Necklace_G4_007.png", "enchant_level": 7, "grade": "G4", "slot": "Accessory", "attack_power": 44, "defense_power": 396}}, {"model": "items.item", "pk": 683, "fields": {"name": "Icon Acc Necklace G4 007 Oufsufm", "item_type": "Accessory", "icon_file": "Icon_ACC_Necklace_G4_007_OUFSufM.png", "enchant_level": 4, "grade": "G4", "slot": "Accessory", "attack_power": 92, "defense_power": 132}}, {"model": "items.item", "pk": 684, "fields": {"name": "Icon Acc Necklace G4 007 Rrreud4", "item_type": "Accessory", "icon_file": "Icon_ACC_Necklace_G4_007_RrreuD4.png", "enchant_level": 7, "grade": "G4", "slot": "Accessory", "attack_power": 160, "defense_power": 232}}, {"model": "items.item", "pk": 685, "fields": {"name": "Icon Acc Ring G2 001", "item_type": "Accessory", "icon_file": "Icon_ACC_Ring_G2_001.png", "enchant_level": 8, "grade": "G2", "slot": "Accessory", "attack_power": 140, "defense_power": 124}}, {"model": "items.item", "pk": 686, "fields": {"name": "Icon Acc Ring G2 001 Sc2Mqtw", "item_type": "Accessory", "icon_file": "Icon_ACC_Ring_G2_001_sC2mQTW.png", "enchant_level": 4, "grade": "G2", "slot": "Accessory", "attack_power": 120, "defense_power": 40}}, {"model": "items.item", "pk": 687, "fields": {"name": "Icon Acc Ring G3 001", "item_type": "Accessory", "icon_file": "Icon_ACC_Ring_G3_001.png", "enchant_level": 3, "grade": "G3", "slot": "Accessory", "attack_power": 189, "defense_power": 276}}, {"model": "items.item", "pk": 688, "fields": {"name": "Icon Acc Ring G3 001 8Kwlekg", "item_type": "Accessory", "icon_file": "Icon_ACC_Ring_G3_001_8kwlekG.png", "enchant_level": 6, "grade": "G3", "slot": "Accessory", "attack_power": 240, "defense_power": 96}}, {"model": "items.item", "pk": 689, "fields": {"name": "Icon Acc Ring G3 001 Kzgqaky", "item_type": "Accessory", "icon_file": "Icon_ACC_Ring_G3_001_KZGqaKy.png", "enchant_level": 4, "grade": "G3", "slot": "Accessory", "attack_power": 246, "defense_power": 147}}, {"model": "items.item", "pk": 690, "fields": {"name": "Icon Acc Ring G3 001 L3Vksv4", "item_type": "Accessory", "icon_file": "Icon_ACC_Ring_G3_001_l3vKsV4.png", "enchant_level": 5, "grade": "G3", "slot": "Accessory", "attack_power": 129, "defense_power": 30}}, {"model": "items.item", "pk": 691, "fields": {"name": "Icon Acc Ring G3 001 O59Awgd", "item_type": "Accessory", "icon_file": "Icon_ACC_Ring_G3_001_o59aWGd.png", "enchant_level": 3, "grade": "G3", "slot": "Accessory", "attack_power": 54, "defense_power": 285}}, {"model": "items.item", "pk": 692, "fields": {"name": "Icon Acc Ring G3 001 Sv3Qyj3", "item_type": "Accessory", "icon_file": "Icon_ACC_Ring_G3_001_SV3QYJ3.png", "enchant_level": 5, "grade": "G3", "slot": "Accessory", "attack_power": 81, "defense_power": 291}}, {"model": "items.item", "pk": 693, "fields": {"name": "Icon Acc Ring G3 002", "item_type": "Accessory", "icon_file": "Icon_ACC_Ring_G3_002.png", "enchant_level": 8, "grade": "G3", "slot": "Accessory", "attack_power": 168, "defense_power": 147}}, {"model": "items.item", "pk": 694, "fields": {"name": "Icon Acc Ring G3 002 0Nzx3Nn", "item_type": "Accessory", "icon_file": "Icon_ACC_Ring_G3_002_0NZX3nn.png", "enchant_level": 7, "grade": "G3", "slot": "Accessory", "attack_power": 63, "defense_power": 177}}, {"model": "items.item", "pk": 695, "fields": {"name": "Icon Acc Ring G3 002 Lb8Ne6Y", "item_type": "Accessory", "icon_file": "Icon_ACC_Ring_G3_002_Lb8Ne6y.png", "enchant_level": 7, "grade": "G3", "slot": "Accessory", "attack_power": 42, "defense_power": 39}}, {"model": "items.item", "pk": 696, "fields": {"name": "Icon Acc Ring G3 002 Qdseeup", "item_type": "Accessory", "icon_file": "Icon_ACC_Ring_G3_002_QDSeEup.png", "enchant_level": 7, "grade": "G3", "slot": "Accessory", "attack_power": 66, "defense_power": 192}}, {"model": "items.item", "pk": 697, "fields": {"name": "Icon Acc Ring G3 002 R6Uaalo", "item_type": "Accessory", "icon_file": "Icon_ACC_Ring_G3_002_r6uAAlO.png", "enchant_level": 7, "grade": "G3", "slot": "Accessory", "attack_power": 51, "defense_power": 204}}, {"model": "items.item", "pk": 698, "fields": {"name": "Icon Acc Ring G3 002 Ydipcwm", "item_type": "Accessory", "icon_file": "Icon_ACC_Ring_G3_002_YDIpCWm.png", "enchant_level": 5, "grade": "G3", "slot": "Accessory", "attack_power": 258, "defense_power": 195}}, {"model": "items.item", "pk": 699, "fields": {"name": "Icon Acc Ring G3 003", "item_type": "Accessory", "icon_file": "Icon_ACC_Ring_G3_003.png", "enchant_level": 4, "grade": "G3", "slot": "Accessory", "attack_power": 177, "defense_power": 90}}, {"model": "items.item", "pk": 700, "fields": {"name": "Icon Acc Ring G3 003 65Nyci3", "item_type": "Accessory", "icon_file": "Icon_ACC_Ring_G3_003_65NYCI3.png", "enchant_level": 4, "grade": "G3", "slot": "Accessory", "attack_power": 129, "defense_power": 270}}, {"model": "items.item", "pk": 701, "fields": {"name": "Icon Acc Ring G3 003 9N9N6Dn", "item_type": "Accessory", "icon_file": "Icon_ACC_Ring_G3_003_9N9N6dn.png", "enchant_level": 5, "grade": "G3", "slot": "Accessory", "attack_power": 51, "defense_power": 231}}, {"model": "items.item", "pk": 702, "fields": {"name": "Icon Acc Ring G3 003 Cljvjsr", "item_type": "Accessory", "icon_file": "Icon_ACC_Ring_G3_003_cLJvJSR.png", "enchant_level": 5, "grade": "G3", "slot": "Accessory", "attack_power": 243, "defense_power": 198}}, {"model": "items.item", "pk": 703, "fields": {"name": "Icon Acc Ring G3 003 Ihdxqis", "item_type": "Accessory", "icon_file": "Icon_ACC_Ring_G3_003_ihdxQis.png", "enchant_level": 5, "grade": "G3", "slot": "Accessory", "attack_power": 123, "defense_power": 36}}, {"model": "items.item", "pk": 704, "fields": {"name": "Icon Acc Ring G3 003 Psxpj05", "item_type": "Accessory", "icon_file": "Icon_ACC_Ring_G3_003_psxPJ05.png", "enchant_level": 7, "grade": "G3", "slot": "Accessory", "attack_power": 210, "defense_power": 171}}, {"model": "items.item", "pk": 705, "fields": {"name": "Icon Acc Ring G3 004", "item_type": "Accessory", "icon_file": "Icon_ACC_Ring_G3_004.png", "enchant_level": 7, "grade": "G3", "slot": "Accessory", "attack_power": 162, "defense_power": 66}}, {"model": "items.item", "pk": 706, "fields": {"name": "Icon Acc Ring G3 004 9Wdxrdt", "item_type": "Accessory", "icon_file": "Icon_ACC_Ring_G3_004_9WdXrdt.png", "enchant_level": 8, "grade": "G3", "slot": "Accessory", "attack_power": 210, "defense_power": 60}}, {"model": "items.item", "pk": 707, "fields": {"name": "Icon Acc Ring G3 004 Aoakpsn", "item_type": "Accessory", "icon_file": "Icon_ACC_Ring_G3_004_aOaKpsn.png", "enchant_level": 6, "grade": "G3", "slot": "Accessory", "attack_power": 114, "defense_power": 117}}, {"model": "items.item", "pk": 708, "fields": {"name": "Icon Acc Ring G3 004 Cwxeucc", "item_type": "Accessory", "icon_file": "Icon_ACC_Ring_G3_004_cWXeUcC.png", "enchant_level": 4, "grade": "G3", "slot": "Accessory", "attack_power": 279, "defense_power": 105}}, {"model": "items.item", "pk": 709, "fields": {"name": "Icon Acc Ring G3 004 E74Ksko", "item_type": "Accessory", "icon_file": "Icon_ACC_Ring_G3_004_e74KSkO.png", "enchant_level": 6, "grade": "G3", "slot": "Accessory", "attack_power": 249, "defense_power": 192}}, {"model": "items.item", "pk": 710, "fields": {"name": "Icon Acc Ring G3 004 Hgobqfq", "item_type": "Accessory", "icon_file": "Icon_ACC_Ring_G3_004_hgOBqFq.png", "enchant_level": 8, "grade": "G3", "slot": "Accessory", "attack_power": 252, "defense_power": 147}}, {"model": "items.item", "pk": 711, "fields": {"name": "Icon Acc Ring G3 005", "item_type": "Accessory", "icon_file": "Icon_ACC_Ring_G3_005.png", "enchant_level": 5, "grade": "G3", "slot": "Accessory", "attack_power": 186, "defense_power": 108}}, {"model": "items.item", "pk": 712, "fields": {"name": "Icon Acc Ring G3 005 A63H9Uz", "item_type": "Accessory", "icon_file": "Icon_ACC_Ring_G3_005_A63H9uZ.png", "enchant_level": 3, "grade": "G3", "slot": "Accessory", "attack_power": 237, "defense_power": 198}}, {"model": "items.item", "pk": 713, "fields": {"name": "Icon Acc Ring G3 005 Embeph0", "item_type": "Accessory", "icon_file": "Icon_ACC_Ring_G3_005_EmbEpH0.png", "enchant_level": 5, "grade": "G3", "slot": "Accessory", "attack_power": 198, "defense_power": 180}}, {"model": "items.item", "pk": 714, "fields": {"name": "Icon Acc Ring G3 005 H9C6F8Y", "item_type": "Accessory", "icon_file": "Icon_ACC_Ring_G3_005_H9C6F8Y.png", "enchant_level": 7, "grade": "G3", "slot": "Accessory", "attack_power": 231, "defense_power": 66}}, {"model": "items.item", "pk": 715, "fields": {"name": "Icon Acc Ring G3 005 P06Bjpq", "item_type": "Accessory", "icon_file": "Icon_ACC_Ring_G3_005_p06bjPQ.png", "enchant_level": 7, "grade": "G3", "slot": "Accessory", "attack_power": 57, "defense_power": 216}}, {"model": "items.item", "pk": 716, "fields": {"name": "Icon Acc Ring G3 005 Pmam8Fg", "item_type": "Accessory", "icon_file": "Icon_ACC_Ring_G3_005_PMAM8fG.png", "enchant_level": 6, "grade": "G3", "slot": "Accessory", "attack_power": 30, "defense_power": 195}}, {"model": "items.item", "pk": 717, "fields": {"name": "Icon Acc Ring G3 006", "item_type": "Accessory", "icon_file": "Icon_ACC_Ring_G3_006.png", "enchant_level": 8, "grade": "G3", "slot": "Accessory", "attack_power": 150, "defense_power": 138}}, {"model": "items.item", "pk": 718, "fields": {"name": "Icon Acc Ring G3 006 Alriaxf", "item_type": "Accessory", "icon_file": "Icon_ACC_Ring_G3_006_AlrIaxF.png", "enchant_level": 6, "grade": "G3", "slot": "Accessory", "attack_power": 294, "defense_power": 213}}, {"model": "items.item", "pk": 719, "fields": {"name": "Icon Acc Ring G3 006 Ber09N3", "item_type": "Accessory", "icon_file": "Icon_ACC_Ring_G3_006_BeR09N3.png", "enchant_level": 5, "grade": "G3", "slot": "Accessory", "attack_power": 96, "defense_power": 219}}, {"model": "items.item", "pk": 720, "fields": {"name": "Icon Acc Ring G3 006 Gdgrddk", "item_type": "Accessory", "icon_file": "Icon_ACC_Ring_G3_006_gdgrddK.png", "enchant_level": 8, "grade": "G3", "slot": "Accessory", "attack_power": 162, "defense_power": 270}}, {"model": "items.item", "pk": 721, "fields": {"name": "Icon Acc Ring G3 006 Iqxqbcc", "item_type": "Accessory", "icon_file": "Icon_ACC_Ring_G3_006_iQxqBCc.png", "enchant_level": 4, "grade": "G3", "slot": "Accessory", "attack_power": 246, "defense_power": 177}}, {"model": "items.item", "pk": 722, "fields": {"name": "Icon Acc Ring G3 006 Mycbece", "item_type": "Accessory", "icon_file": "Icon_ACC_Ring_G3_006_MycbecE.png", "enchant_level": 8, "grade": "G3", "slot": "Accessory", "attack_power": 186, "defense_power": 270}}, {"model": "items.item", "pk": 723, "fields": {"name": "Icon Acc Ring G3 007", "item_type": "Accessory", "icon_file": "Icon_ACC_Ring_G3_007.png", "enchant_level": 6, "grade": "G3", "slot": "Accessory", "attack_power": 33, "defense_power": 153}}, {"model": "items.item", "pk": 724, "fields": {"name": "Icon Acc Ring G3 007 Ckb2Fpj", "item_type": "Accessory", "icon_file": "Icon_ACC_Ring_G3_007_ckB2Fpj.png", "enchant_level": 8, "grade": "G3", "slot": "Accessory", "attack_power": 162, "defense_power": 237}}, {"model": "items.item", "pk": 725, "fields": {"name": "Icon Acc Ring G3 007 Jt1Mnj3", "item_type": "Accessory", "icon_file": "Icon_ACC_Ring_G3_007_Jt1mnj3.png", "enchant_level": 7, "grade": "G3", "slot": "Accessory", "attack_power": 168, "defense_power": 48}}, {"model": "items.item", "pk": 726, "fields": {"name": "Icon Acc Ring G3 007 Sfgauyz", "item_type": "Accessory", "icon_file": "Icon_ACC_Ring_G3_007_sFGaUYZ.png", "enchant_level": 7, "grade": "G3", "slot": "Accessory", "attack_power": 156, "defense_power": 297}}, {"model": "items.item", "pk": 727, "fields": {"name": "Icon Acc Ring G3 007 Siumex5", "item_type": "Accessory", "icon_file": "Icon_ACC_Ring_G3_007_siUmEx5.png", "enchant_level": 3, "grade": "G3", "slot": "Accessory", "attack_power": 60, "defense_power": 108}}, {"model": "items.item", "pk": 728, "fields": {"name": "Icon Acc Ring G3 007 Ytf76Ku", "item_type": "Accessory", "icon_file": "Icon_ACC_Ring_G3_007_ytF76Ku.png", "enchant_level": 7, "grade": "G3", "slot": "Accessory", "attack_power": 228, "defense_power": 300}}, {"model": "items.item", "pk": 729, "fields": {"name": "Icon Acc Ring G3 008", "item_type": "Accessory", "icon_file": "Icon_ACC_Ring_G3_008.png", "enchant_level": 6, "grade": "G3", "slot": "Accessory", "attack_power": 282, "defense_power": 255}}, {"model": "items.item", "pk": 730, "fields": {"name": "Icon Acc Ring G3 008 1Buxw3V", "item_type": "Accessory", "icon_file": "Icon_ACC_Ring_G3_008_1BUxW3v.png", "enchant_level": 3, "grade": "G3", "slot": "Accessory", "attack_power": 39, "defense_power": 216}}, {"model": "items.item", "pk": 731, "fields": {"name": "Icon Acc Ring G3 008 Rjlxpop", "item_type": "Accessory", "icon_file": "Icon_ACC_Ring_G3_008_rjLXPoP.png", "enchant_level": 3, "grade": "G3", "slot": "Accessory", "attack_power": 108, "defense_power": 69}}, {"model": "items.item", "pk": 732, "fields": {"name": "Icon Acc Ring G3 008 Vjyheoe", "item_type": "Accessory", "icon_file": "Icon_ACC_Ring_G3_008_VJyhEoe.png", "enchant_level": 3, "grade": "G3", "slot": "Accessory", "attack_power": 267, "defense_power": 216}}, {"model": "items.item", "pk": 733, "fields": {"name": "Icon Acc Ring G3 008 Xp8Mktp", "item_type": "Accessory", "icon_file": "Icon_ACC_Ring_G3_008_xP8mKTP.png", "enchant_level": 4, "grade": "G3", "slot": "Accessory", "attack_power": 279, "defense_power": 141}}, {"model": "items.item", "pk": 734, "fields": {"name": "Icon Acc Ring G3 008 Ykaxnpj", "item_type": "Accessory", "icon_file": "Icon_ACC_Ring_G3_008_ykaxnPj.png", "enchant_level": 6, "grade": "G3", "slot": "Accessory", "attack_power": 279, "defense_power": 129}}, {"model": "items.item", "pk": 735, "fields": {"name": "Icon Acc Ring G3 009", "item_type": "Accessory", "icon_file": "Icon_ACC_Ring_G3_009.png", "enchant_level": 6, "grade": "G3", "slot": "Accessory", "attack_power": 168, "defense_power": 204}}, {"model": "items.item", "pk": 736, "fields": {"name": "Icon Acc Ring G3 009 4An8Usw", "item_type": "Accessory", "icon_file": "Icon_ACC_Ring_G3_009_4AN8uSW.png", "enchant_level": 6, "grade": "G3", "slot": "Accessory", "attack_power": 279, "defense_power": 285}}, {"model": "items.item", "pk": 737, "fields": {"name": "Icon Acc Ring G3 009 6Xzyomn", "item_type": "Accessory", "icon_file": "Icon_ACC_Ring_G3_009_6xzYOmn.png", "enchant_level": 7, "grade": "G3", "slot": "Accessory", "attack_power": 120, "defense_power": 237}}, {"model": "items.item", "pk": 738, "fields": {"name": "Icon Acc Ring G3 009 9Yxw6Qi", "item_type": "Accessory", "icon_file": "Icon_ACC_Ring_G3_009_9YXw6QI.png", "enchant_level": 4, "grade": "G3", "slot": "Accessory", "attack_power": 192, "defense_power": 279}}, {"model": "items.item", "pk": 739, "fields": {"name": "Icon Acc Ring G3 009 Acpkvk9", "item_type": "Accessory", "icon_file": "Icon_ACC_Ring_G3_009_acpkvK9.png", "enchant_level": 4, "grade": "G3", "slot": "Accessory", "attack_power": 165, "defense_power": 51}}, {"model": "items.item", "pk": 740, "fields": {"name": "Icon Acc Ring G3 009 Xg1Apsm", "item_type": "Accessory", "icon_file": "Icon_ACC_Ring_G3_009_Xg1aPsM.png", "enchant_level": 7, "grade": "G3", "slot": "Accessory", "attack_power": 186, "defense_power": 168}}, {"model": "items.item", "pk": 741, "fields": {"name": "Icon Acc Ring G4 010", "item_type": "Accessory", "icon_file": "Icon_ACC_Ring_G4_010.png", "enchant_level": 8, "grade": "G4", "slot": "Accessory", "attack_power": 348, "defense_power": 292}}, {"model": "items.item", "pk": 742, "fields": {"name": "Icon Acc Ring G4 010 Ikhk3Kb", "item_type": "Accessory", "icon_file": "Icon_ACC_Ring_G4_010_iKhk3KB.png", "enchant_level": 6, "grade": "G4", "slot": "Accessory", "attack_power": 236, "defense_power": 368}}, {"model": "items.item", "pk": 743, "fields": {"name": "Icon Ar Boots G2 001", "item_type": "Boots", "icon_file": "Icon_AR_Boots_G2_001.png", "enchant_level": 6, "grade": "G2", "slot": "Boots", "attack_power": 170, "defense_power": 86}}, {"model": "items.item", "pk": 744, "fields": {"name": "Icon Ar Boots G2 002", "item_type": "Boots", "icon_file": "Icon_AR_Boots_G2_002.png", "enchant_level": 3, "grade": "G2", "slot": "Boots", "attack_power": 90, "defense_power": 162}}, {"model": "items.item", "pk": 745, "fields": {"name": "Icon Ar Boots G3 001", "item_type": "Boots", "icon_file": "Icon_AR_Boots_G3_001.png", "enchant_level": 5, "grade": "G3", "slot": "Boots", "attack_power": 201, "defense_power": 297}}, {"model": "items.item", "pk": 746, "fields": {"name": "Icon Ar Boots G3 001 Yojhyx3", "item_type": "Boots", "icon_file": "Icon_AR_Boots_G3_001_yojHyx3.png", "enchant_level": 4, "grade": "G3", "slot": "Boots", "attack_power": 66, "defense_power": 234}}, {"model": "items.item", "pk": 747, "fields": {"name": "Icon Ar Boots G3 002", "item_type": "Boots", "icon_file": "Icon_AR_Boots_G3_002.png", "enchant_level": 6, "grade": "G3", "slot": "Boots", "attack_power": 294, "defense_power": 63}}, {"model": "items.item", "pk": 748, "fields": {"name": "Icon Ar Boots G3 002 Bjtsb6W", "item_type": "Boots", "icon_file": "Icon_AR_Boots_G3_002_bJTsB6w.png", "enchant_level": 6, "grade": "G3", "slot": "Boots", "attack_power": 207, "defense_power": 99}}, {"model": "items.item", "pk": 749, "fields": {"name": "Icon Ar Boots G3 003", "item_type": "Boots", "icon_file": "Icon_AR_Boots_G3_003.png", "enchant_level": 3, "grade": "G3", "slot": "Boots", "attack_power": 288, "defense_power": 261}}, {"model": "items.item", "pk": 750, "fields": {"name": "Icon Ar Boots G3 003 9Xlj0Bl", "item_type": "Boots", "icon_file": "Icon_AR_Boots_G3_003_9XLJ0Bl.png", "enchant_level": 4, "grade": "G3", "slot": "Boots", "attack_power": 102, "defense_power": 66}}, {"model": "items.item", "pk": 751, "fields": {"name": "Icon Ar Boots G3 004", "item_type": "Boots", "icon_file": "Icon_AR_Boots_G3_004.png", "enchant_level": 3, "grade": "G3", "slot": "Boots", "attack_power": 96, "defense_power": 99}}, {"model": "items.item", "pk": 752, "fields": {"name": "Icon Ar Boots G3 004 C4B8Nwf", "item_type": "Boots", "icon_file": "Icon_AR_Boots_G3_004_c4B8NWF.png", "enchant_level": 5, "grade": "G3", "slot": "Boots", "attack_power": 228, "defense_power": 72}}, {"model": "items.item", "pk": 753, "fields": {"name": "Icon Ar Boots G3 005", "item_type": "Boots", "icon_file": "Icon_AR_Boots_G3_005.png", "enchant_level": 7, "grade": "G3", "slot": "Boots", "attack_power": 213, "defense_power": 210}}, {"model": "items.item", "pk": 754, "fields": {"name": "Icon Ar Boots G3 005 Rl4Fzqt", "item_type": "Boots", "icon_file": "Icon_AR_Boots_G3_005_Rl4fZQt.png", "enchant_level": 3, "grade": "G3", "slot": "Boots", "attack_power": 66, "defense_power": 246}}, {"model": "items.item", "pk": 755, "fields": {"name": "Icon Ar Boots G3 006", "item_type": "Boots", "icon_file": "Icon_AR_Boots_G3_006.png", "enchant_level": 7, "grade": "G3", "slot": "Boots", "attack_power": 144, "defense_power": 267}}, {"model": "items.item", "pk": 756, "fields": {"name": "Icon Ar Boots G3 006 Qvxjilc", "item_type": "Boots", "icon_file": "Icon_AR_Boots_G3_006_qvxjIlC.png", "enchant_level": 3, "grade": "G3", "slot": "Boots", "attack_power": 288, "defense_power": 87}}, {"model": "items.item", "pk": 757, "fields": {"name": "Icon Ar Boots G3 007", "item_type": "Boots", "icon_file": "Icon_AR_Boots_G3_007.png", "enchant_level": 8, "grade": "G3", "slot": "Boots", "attack_power": 210, "defense_power": 78}}, {"model": "items.item", "pk": 758, "fields": {"name": "Icon Ar Boots G3 007 3Z1Vnbd", "item_type": "Boots", "icon_file": "Icon_AR_Boots_G3_007_3z1VnBd.png", "enchant_level": 5, "grade": "G3", "slot": "Boots", "attack_power": 30, "defense_power": 105}}, {"model": "items.item", "pk": 759, "fields": {"name": "Icon Ar Boots G3 008", "item_type": "Boots", "icon_file": "Icon_AR_Boots_G3_008.png", "enchant_level": 6, "grade": "G3", "slot": "Boots", "attack_power": 213, "defense_power": 216}}, {"model": "items.item", "pk": 760, "fields": {"name": "Icon Ar Boots G3 008 Qmlqjcb", "item_type": "Boots", "icon_file": "Icon_AR_Boots_G3_008_qmLQJcb.png", "enchant_level": 3, "grade": "G3", "slot": "Boots", "attack_power": 159, "defense_power": 159}}, {"model": "items.item", "pk": 761, "fields": {"name": "Icon Ar Boots G3 009", "item_type": "Boots", "icon_file": "Icon_AR_Boots_G3_009.png", "enchant_level": 8, "grade": "G3", "slot": "Boots", "attack_power": 198, "defense_power": 108}}, {"model": "items.item", "pk": 762, "fields": {"name": "Icon Ar Boots G3 009 J5Is6W4", "item_type": "Boots", "icon_file": "Icon_AR_Boots_G3_009_J5iS6W4.png", "enchant_level": 8, "grade": "G3", "slot": "Boots", "attack_power": 144, "defense_power": 189}}, {"model": "items.item", "pk": 763, "fields": {"name": "Icon Ar Boots G3 010", "item_type": "Boots", "icon_file": "Icon_AR_Boots_G3_010.png", "enchant_level": 6, "grade": "G3", "slot": "Boots", "attack_power": 180, "defense_power": 69}}, {"model": "items.item", "pk": 764, "fields": {"name": "Icon Ar Boots G3 010 Nsejbgl", "item_type": "Boots", "icon_file": "Icon_AR_Boots_G3_010_NSejBgl.png", "enchant_level": 7, "grade": "G3", "slot": "Boots", "attack_power": 198, "defense_power": 117}}, {"model": "items.item", "pk": 765, "fields": {"name": "Icon Ar Boots G4 006", "item_type": "Boots", "icon_file": "Icon_AR_Boots_G4_006.png", "enchant_level": 4, "grade": "G4", "slot": "Boots", "attack_power": 344, "defense_power": 132}}, {"model": "items.item", "pk": 766, "fields": {"name": "Icon Ar Gloves G2 001", "item_type": "Gloves", "icon_file": "Icon_AR_Gloves_G2_001.png", "enchant_level": 5, "grade": "G2", "slot": "Gloves", "attack_power": 64, "defense_power": 112}}, {"model": "items.item", "pk": 767, "fields": {"name": "Icon Ar Gloves G2 002", "item_type": "Gloves", "icon_file": "Icon_AR_Gloves_G2_002.png", "enchant_level": 4, "grade": "G2", "slot": "Gloves", "attack_power": 144, "defense_power": 74}}, {"model": "items.item", "pk": 768, "fields": {"name": "Icon Ar Gloves G3 001", "item_type": "Gloves", "icon_file": "Icon_AR_Gloves_G3_001.png", "enchant_level": 7, "grade": "G3", "slot": "Gloves", "attack_power": 153, "defense_power": 201}}, {"model": "items.item", "pk": 769, "fields": {"name": "Icon Ar Gloves G3 001 Qam3Cf3", "item_type": "Gloves", "icon_file": "Icon_AR_Gloves_G3_001_QaM3cf3.png", "enchant_level": 6, "grade": "G3", "slot": "Gloves", "attack_power": 69, "defense_power": 162}}, {"model": "items.item", "pk": 770, "fields": {"name": "Icon Ar Gloves G3 002", "item_type": "Gloves", "icon_file": "Icon_AR_Gloves_G3_002.png", "enchant_level": 8, "grade": "G3", "slot": "Gloves", "attack_power": 141, "defense_power": 42}}, {"model": "items.item", "pk": 771, "fields": {"name": "Icon Ar Gloves G3 002 A6Hutjf", "item_type": "Gloves", "icon_file": "Icon_AR_Gloves_G3_002_a6HUtJf.png", "enchant_level": 6, "grade": "G3", "slot": "Gloves", "attack_power": 33, "defense_power": 174}}, {"model": "items.item", "pk": 772, "fields": {"name": "Icon Ar Gloves G3 003", "item_type": "Gloves", "icon_file": "Icon_AR_Gloves_G3_003.png", "enchant_level": 7, "grade": "G3", "slot": "Gloves", "attack_power": 252, "defense_power": 69}}, {"model": "items.item", "pk": 773, "fields": {"name": "Icon Ar Gloves G3 003 0Lmievb", "item_type": "Gloves", "icon_file": "Icon_AR_Gloves_G3_003_0lMiEvB.png", "enchant_level": 5, "grade": "G3", "slot": "Gloves", "attack_power": 282, "defense_power": 150}}, {"model": "items.item", "pk": 774, "fields": {"name": "Icon Ar Gloves G3 004", "item_type": "Gloves", "icon_file": "Icon_AR_Gloves_G3_004.png", "enchant_level": 6, "grade": "G3", "slot": "Gloves", "attack_power": 51, "defense_power": 300}}, {"model": "items.item", "pk": 775, "fields": {"name": "Icon Ar Gloves G3 004 Pf1Nyus", "item_type": "Gloves", "icon_file": "Icon_AR_Gloves_G3_004_pf1nYus.png", "enchant_level": 8, "grade": "G3", "slot": "Gloves", "attack_power": 267, "defense_power": 39}}, {"model": "items.item", "pk": 776, "fields": {"name": "Icon Ar Gloves G3 005", "item_type": "Gloves", "icon_file": "Icon_AR_Gloves_G3_005.png", "enchant_level": 6, "grade": "G3", "slot": "Gloves", "attack_power": 120, "defense_power": 69}}, {"model": "items.item", "pk": 777, "fields": {"name": "Icon Ar Gloves G3 005 Llgo3Gz", "item_type": "Gloves", "icon_file": "Icon_AR_Gloves_G3_005_LlGO3gz.png", "enchant_level": 7, "grade": "G3", "slot": "Gloves", "attack_power": 279, "defense_power": 111}}, {"model": "items.item", "pk": 778, "fields": {"name": "Icon Ar Gloves G3 006", "item_type": "Gloves", "icon_file": "Icon_AR_Gloves_G3_006.png", "enchant_level": 6, "grade": "G3", "slot": "Gloves", "attack_power": 108, "defense_power": 96}}, {"model": "items.item", "pk": 779, "fields": {"name": "Icon Ar Gloves G3 006 Gn9Tvux", "item_type": "Gloves", "icon_file": "Icon_AR_Gloves_G3_006_gN9Tvux.png", "enchant_level": 7, "grade": "G3", "slot": "Gloves", "attack_power": 273, "defense_power": 231}}, {"model": "items.item", "pk": 780, "fields": {"name": "Icon Ar Gloves G3 007", "item_type": "Gloves", "icon_file": "Icon_AR_Gloves_G3_007.png", "enchant_level": 3, "grade": "G3", "slot": "Gloves", "attack_power": 147, "defense_power": 234}}, {"model": "items.item", "pk": 781, "fields": {"name": "Icon Ar Gloves G3 007 3Cszcrg", "item_type": "Gloves", "icon_file": "Icon_AR_Gloves_G3_007_3CSZCRG.png", "enchant_level": 5, "grade": "G3", "slot": "Gloves", "attack_power": 90, "defense_power": 300}}, {"model": "items.item", "pk": 782, "fields": {"name": "Icon Ar Gloves G3 008", "item_type": "Gloves", "icon_file": "Icon_AR_Gloves_G3_008.png", "enchant_level": 6, "grade": "G3", "slot": "Gloves", "attack_power": 246, "defense_power": 36}}, {"model": "items.item", "pk": 783, "fields": {"name": "Icon Ar Gloves G3 008 Xqieu8N", "item_type": "Gloves", "icon_file": "Icon_AR_Gloves_G3_008_xqIeU8n.png", "enchant_level": 3, "grade": "G3", "slot": "Gloves", "attack_power": 54, "defense_power": 204}}, {"model": "items.item", "pk": 784, "fields": {"name": "Icon Ar Gloves G3 009", "item_type": "Gloves", "icon_file": "Icon_AR_Gloves_G3_009.png", "enchant_level": 3, "grade": "G3", "slot": "Gloves", "attack_power": 225, "defense_power": 231}}, {"model": "items.item", "pk": 785, "fields": {"name": "Icon Ar Gloves G3 009 Rgaclch", "item_type": "Gloves", "icon_file": "Icon_AR_Gloves_G3_009_RGaCLCh.png", "enchant_level": 7, "grade": "G3", "slot": "Gloves", "attack_power": 288, "defense_power": 255}}, {"model": "items.item", "pk": 786, "fields": {"name": "Icon Ar Gloves G3 010", "item_type": "Gloves", "icon_file": "Icon_AR_Gloves_G3_010.png", "enchant_level": 4, "grade": "G3", "slot": "Gloves", "attack_power": 105, "defense_power": 267}}, {"model": "items.item", "pk": 787, "fields": {"name": "Icon Ar Gloves G3 010 Lhjnyda", "item_type": "Gloves", "icon_file": "Icon_AR_Gloves_G3_010_LhjNydA.png", "enchant_level": 7, "grade": "G3", "slot": "Gloves", "attack_power": 240, "defense_power": 66}}, {"model": "items.item", "pk": 788, "fields": {"name": "Icon Ar Gloves G3 011", "item_type": "Gloves", "icon_file": "Icon_AR_Gloves_G3_011.png", "enchant_level": 4, "grade": "G3", "slot": "Gloves", "attack_power": 186, "defense_power": 165}}, {"model": "items.item", "pk": 789, "fields": {"name": "Icon Ar Gloves G3 011 Z5Xce6L", "item_type": "Gloves", "icon_file": "Icon_AR_Gloves_G3_011_Z5XcE6l.png", "enchant_level": 5, "grade": "G3", "slot": "Gloves", "attack_power": 54, "defense_power": 42}}, {"model": "items.item", "pk": 790, "fields": {"name": "Icon Ar Gloves G3 012", "item_type": "Gloves", "icon_file": "Icon_AR_Gloves_G3_012.png", "enchant_level": 7, "grade": "G3", "slot": "Gloves", "attack_power": 243, "defense_power": 39}}, {"model": "items.item", "pk": 791, "fields": {"name": "Icon Ar Gloves G3 012 Rmjdcvy", "item_type": "Gloves", "icon_file": "Icon_AR_Gloves_G3_012_RMJdCVy.png", "enchant_level": 7, "grade": "G3", "slot": "Gloves", "attack_power": 42, "defense_power": 108}}, {"model": "items.item", "pk": 792, "fields": {"name": "Icon Ar Gloves G4 006", "item_type": "Gloves", "icon_file": "Icon_AR_Gloves_G4_006.png", "enchant_level": 8, "grade": "G4", "slot": "Gloves", "attack_power": 116, "defense_power": 340}}, {"model": "items.item", "pk": 793, "fields": {"name": "Icon Ar Helmet G2 001", "item_type": "Helmet", "icon_file": "Icon_AR_Helmet_G2_001.png", "enchant_level": 8, "grade": "G2", "slot": "Helmet", "attack_power": 110, "defense_power": 188}}, {"model": "items.item", "pk": 794, "fields": {"name": "Icon Ar Helmet G2 002", "item_type": "Helmet", "icon_file": "Icon_AR_Helmet_G2_002.png", "enchant_level": 6, "grade": "G2", "slot": "Helmet", "attack_power": 22, "defense_power": 198}}, {"model": "items.item", "pk": 795, "fields": {"name": "Icon Ar Helmet G2 003", "item_type": "Helmet", "icon_file": "Icon_AR_Helmet_G2_003.png", "enchant_level": 4, "grade": "G2", "slot": "Helmet", "attack_power": 148, "defense_power": 116}}, {"model": "items.item", "pk": 796, "fields": {"name": "Icon Ar Helmet G3 001", "item_type": "Helmet", "icon_file": "Icon_AR_Helmet_G3_001.png", "enchant_level": 7, "grade": "G3", "slot": "Helmet", "attack_power": 243, "defense_power": 222}}, {"model": "items.item", "pk": 797, "fields": {"name": "Icon Ar Helmet G3 001 12Bgilv", "item_type": "Helmet", "icon_file": "Icon_AR_Helmet_G3_001_12BgilV.png", "enchant_level": 8, "grade": "G3", "slot": "Helmet", "attack_power": 291, "defense_power": 231}}, {"model": "items.item", "pk": 798, "fields": {"name": "Icon Ar Helmet G3 002", "item_type": "Helmet", "icon_file": "Icon_AR_Helmet_G3_002.png", "enchant_level": 5, "grade": "G3", "slot": "Helmet", "attack_power": 93, "defense_power": 255}}, {"model": "items.item", "pk": 799, "fields": {"name": "Icon Ar Helmet G3 002 Qixawpl", "item_type": "Helmet", "icon_file": "Icon_AR_Helmet_G3_002_qiXAwPl.png", "enchant_level": 3, "grade": "G3", "slot": "Helmet", "attack_power": 117, "defense_power": 129}}, {"model": "items.item", "pk": 800, "fields": {"name": "Icon Ar Helmet G3 003", "item_type": "Helmet", "icon_file": "Icon_AR_Helmet_G3_003.png", "enchant_level": 6, "grade": "G3", "slot": "Helmet", "attack_power": 207, "defense_power": 105}}, {"model": "items.item", "pk": 801, "fields": {"name": "Icon Ar Helmet G3 003 Da4Osr5", "item_type": "Helmet", "icon_file": "Icon_AR_Helmet_G3_003_Da4OSr5.png", "enchant_level": 7, "grade": "G3", "slot": "Helmet", "attack_power": 162, "defense_power": 228}}, {"model": "items.item", "pk": 802, "fields": {"name": "Icon Ar Helmet G3 004", "item_type": "Helmet", "icon_file": "Icon_AR_Helmet_G3_004.png", "enchant_level": 8, "grade": "G3", "slot": "Helmet", "attack_power": 99, "defense_power": 147}}, {"model": "items.item", "pk": 803, "fields": {"name": "Icon Ar Helmet G3 004 X6K8Oqn", "item_type": "Helmet", "icon_file": "Icon_AR_Helmet_G3_004_x6k8OQn.png", "enchant_level": 5, "grade": "G3", "slot": "Helmet", "attack_power": 279, "defense_power": 84}}, {"model": "items.item", "pk": 804, "fields": {"name": "Icon Ar Helmet G3 005", "item_type": "Helmet", "icon_file": "Icon_AR_Helmet_G3_005.png", "enchant_level": 6, "grade": "G3", "slot": "Helmet", "attack_power": 129, "defense_power": 198}}, {"model": "items.item", "pk": 805, "fields": {"name": "Icon Ar Helmet G3 005 8Gob2Sb", "item_type": "Helmet", "icon_file": "Icon_AR_Helmet_G3_005_8Gob2sb.png", "enchant_level": 4, "grade": "G3", "slot": "Helmet", "attack_power": 270, "defense_power": 222}}, {"model": "items.item", "pk": 806, "fields": {"name": "Icon Ar Helmet G3 006", "item_type": "Helmet", "icon_file": "Icon_AR_Helmet_G3_006.png", "enchant_level": 6, "grade": "G3", "slot": "Helmet", "attack_power": 57, "defense_power": 78}}, {"model": "items.item", "pk": 807, "fields": {"name": "Icon Ar Helmet G3 006 Psxukqd", "item_type": "Helmet", "icon_file": "Icon_AR_Helmet_G3_006_psXukqD.png", "enchant_level": 4, "grade": "G3", "slot": "Helmet", "attack_power": 261, "defense_power": 192}}, {"model": "items.item", "pk": 808, "fields": {"name": "Icon Ar Helmet G3 007", "item_type": "Helmet", "icon_file": "Icon_AR_Helmet_G3_007.png", "enchant_level": 8, "grade": "G3", "slot": "Helmet", "attack_power": 171, "defense_power": 99}}, {"model": "items.item", "pk": 809, "fields": {"name": "Icon Ar Helmet G3 007 E2Onqpb", "item_type": "Helmet", "icon_file": "Icon_AR_Helmet_G3_007_E2ONqpB.png", "enchant_level": 6, "grade": "G3", "slot": "Helmet", "attack_power": 84, "defense_power": 213}}, {"model": "items.item", "pk": 810, "fields": {"name": "Icon Ar Helmet G3 009", "item_type": "Helmet", "icon_file": "Icon_AR_Helmet_G3_009.png", "enchant_level": 4, "grade": "G3", "slot": "Helmet", "attack_power": 261, "defense_power": 249}}, {"model": "items.item", "pk": 811, "fields": {"name": "Icon Ar Helmet G3 009 8Qsgd23", "item_type": "Helmet", "icon_file": "Icon_AR_Helmet_G3_009_8QSGd23.png", "enchant_level": 4, "grade": "G3", "slot": "Helmet", "attack_power": 60, "defense_power": 108}}, {"model": "items.item", "pk": 812, "fields": {"name": "Icon Ar Helmet G4 003", "item_type": "Helmet", "icon_file": "Icon_AR_Helmet_G4_003.png", "enchant_level": 5, "grade": "G4", "slot": "Helmet", "attack_power": 124, "defense_power": 224}}, {"model": "items.item", "pk": 813, "fields": {"name": "Icon Ar Pants G2 001", "item_type": "Armor", "icon_file": "Icon_AR_Pants_G2_001.png", "enchant_level": 7, "grade": "G2", "slot": "Armor", "attack_power": 176, "defense_power": 172}}, {"model": "items.item", "pk": 814, "fields": {"name": "Icon Ar Pants G3 001", "item_type": "Armor", "icon_file": "Icon_AR_Pants_G3_001.png", "enchant_level": 8, "grade": "G3", "slot": "Armor", "attack_power": 279, "defense_power": 216}}, {"model": "items.item", "pk": 815, "fields": {"name": "Icon Ar Pants G3 001 Mcaxulv", "item_type": "Armor", "icon_file": "Icon_AR_Pants_G3_001_mcaXulV.png", "enchant_level": 6, "grade": "G3", "slot": "Armor", "attack_power": 30, "defense_power": 237}}, {"model": "items.item", "pk": 816, "fields": {"name": "Icon Ar Pants G3 002", "item_type": "Armor", "icon_file": "Icon_AR_Pants_G3_002.png", "enchant_level": 7, "grade": "G3", "slot": "Armor", "attack_power": 96, "defense_power": 255}}, {"model": "items.item", "pk": 817, "fields": {"name": "Icon Ar Pants G3 002 Ziknuhj", "item_type": "Armor", "icon_file": "Icon_AR_Pants_G3_002_zIKnuHJ.png", "enchant_level": 4, "grade": "G3", "slot": "Armor", "attack_power": 108, "defense_power": 201}}, {"model": "items.item", "pk": 818, "fields": {"name": "Icon Ar Pants G3 003", "item_type": "Armor", "icon_file": "Icon_AR_Pants_G3_003.png", "enchant_level": 7, "grade": "G3", "slot": "Armor", "attack_power": 207, "defense_power": 87}}, {"model": "items.item", "pk": 819, "fields": {"name": "Icon Ar Pants G3 003 Yhjuayi", "item_type": "Armor", "icon_file": "Icon_AR_Pants_G3_003_yhjUAYi.png", "enchant_level": 7, "grade": "G3", "slot": "Armor", "attack_power": 141, "defense_power": 282}}, {"model": "items.item", "pk": 820, "fields": {"name": "Icon Ar Pants G3 004", "item_type": "Armor", "icon_file": "Icon_AR_Pants_G3_004.png", "enchant_level": 4, "grade": "G3", "slot": "Armor", "attack_power": 225, "defense_power": 285}}, {"model": "items.item", "pk": 821, "fields": {"name": "Icon Ar Pants G3 004 A8Jdsen", "item_type": "Armor", "icon_file": "Icon_AR_Pants_G3_004_a8jdSeN.png", "enchant_level": 8, "grade": "G3", "slot": "Armor", "attack_power": 33, "defense_power": 48}}, {"model": "items.item", "pk": 822, "fields": {"name": "Icon Ar Pants G3 005", "item_type": "Armor", "icon_file": "Icon_AR_Pants_G3_005.png", "enchant_level": 7, "grade": "G3", "slot": "Armor", "attack_power": 138, "defense_power": 225}}, {"model": "items.item", "pk": 823, "fields": {"name": "Icon Ar Pants G3 005 Uo0Dsov", "item_type": "Armor", "icon_file": "Icon_AR_Pants_G3_005_Uo0dsov.png", "enchant_level": 8, "grade": "G3", "slot": "Armor", "attack_power": 219, "defense_power": 189}}, {"model": "items.item", "pk": 824, "fields": {"name": "Icon Ar Pants G3 006", "item_type": "Armor", "icon_file": "Icon_AR_Pants_G3_006.png", "enchant_level": 7, "grade": "G3", "slot": "Armor", "attack_power": 237, "defense_power": 237}}, {"model": "items.item", "pk": 825, "fields": {"name": "Icon Ar Pants G3 006 23Eawtu", "item_type": "Armor", "icon_file": "Icon_AR_Pants_G3_006_23eAWTU.png", "enchant_level": 5, "grade": "G3", "slot": "Armor", "attack_power": 192, "defense_power": 78}}, {"model": "items.item", "pk": 826, "fields": {"name": "Icon Ar Pants G4 003", "item_type": "Armor", "icon_file": "Icon_AR_Pants_G4_003.png", "enchant_level": 8, "grade": "G4", "slot": "Armor", "attack_power": 292, "defense_power": 136}}, {"model": "items.item", "pk": 827, "fields": {"name": "Icon Ar Pants G4 004", "item_type": "Armor", "icon_file": "Icon_AR_Pants_G4_004.png", "enchant_level": 5, "grade": "G4", "slot": "Armor", "attack_power": 152, "defense_power": 88}}, {"model": "items.item", "pk": 828, "fields": {"name": "Icon Ar Torso G2 001", "item_type": "Armor", "icon_file": "Icon_AR_Torso_G2_001.png", "enchant_level": 6, "grade": "G2", "slot": "Armor", "attack_power": 76, "defense_power": 90}}, {"model": "items.item", "pk": 829, "fields": {"name": "Icon Ar Torso G2 002", "item_type": "Armor", "icon_file": "Icon_AR_Torso_G2_002.png", "enchant_level": 8, "grade": "G2", "slot": "Armor", "attack_power": 158, "defense_power": 64}}, {"model": "items.item", "pk": 830, "fields": {"name": "Icon Ar Torso G2 003", "item_type": "Armor", "icon_file": "Icon_AR_Torso_G2_003.png", "enchant_level": 4, "grade": "G2", "slot": "Armor", "attack_power": 54, "defense_power": 102}}, {"model": "items.item", "pk": 831, "fields": {"name": "Icon Ar Torso G3 001", "item_type": "Armor", "icon_file": "Icon_AR_Torso_G3_001.png", "enchant_level": 7, "grade": "G3", "slot": "Armor", "attack_power": 273, "defense_power": 42}}, {"model": "items.item", "pk": 832, "fields": {"name": "Icon Ar Torso G3 001 Sloin8B", "item_type": "Armor", "icon_file": "Icon_AR_Torso_G3_001_sLOin8b.png", "enchant_level": 6, "grade": "G3", "slot": "Armor", "attack_power": 165, "defense_power": 63}}, {"model": "items.item", "pk": 833, "fields": {"name": "Icon Ar Torso G3 002", "item_type": "Armor", "icon_file": "Icon_AR_Torso_G3_002.png", "enchant_level": 8, "grade": "G3", "slot": "Armor", "attack_power": 258, "defense_power": 192}}, {"model": "items.item", "pk": 834, "fields": {"name": "Icon Ar Torso G3 002 Xogwcxb", "item_type": "Armor", "icon_file": "Icon_AR_Torso_G3_002_xOGwcXB.png", "enchant_level": 3, "grade": "G3", "slot": "Armor", "attack_power": 213, "defense_power": 279}}, {"model": "items.item", "pk": 835, "fields": {"name": "Icon Ar Torso G3 003", "item_type": "Armor", "icon_file": "Icon_AR_Torso_G3_003.png", "enchant_level": 8, "grade": "G3", "slot": "Armor", "attack_power": 36, "defense_power": 114}}, {"model": "items.item", "pk": 836, "fields": {"name": "Icon Ar Torso G3 003 7Rqn8Ca", "item_type": "Armor", "icon_file": "Icon_AR_Torso_G3_003_7Rqn8ca.png", "enchant_level": 7, "grade": "G3", "slot": "Armor", "attack_power": 219, "defense_power": 117}}, {"model": "items.item", "pk": 837, "fields": {"name": "Icon Ar Torso G3 004", "item_type": "Armor", "icon_file": "Icon_AR_Torso_G3_004.png", "enchant_level": 4, "grade": "G3", "slot": "Armor", "attack_power": 132, "defense_power": 144}}, {"model": "items.item", "pk": 838, "fields": {"name": "Icon Ar Torso G3 004 Dsf80Kl", "item_type": "Armor", "icon_file": "Icon_AR_Torso_G3_004_dsf80Kl.png", "enchant_level": 6, "grade": "G3", "slot": "Armor", "attack_power": 51, "defense_power": 171}}, {"model": "items.item", "pk": 839, "fields": {"name": "Icon Ar Torso G3 005", "item_type": "Armor", "icon_file": "Icon_AR_Torso_G3_005.png", "enchant_level": 4, "grade": "G3", "slot": "Armor", "attack_power": 234, "defense_power": 255}}, {"model": "items.item", "pk": 840, "fields": {"name": "Icon Ar Torso G3 005 Gp54Aht", "item_type": "Armor", "icon_file": "Icon_AR_Torso_G3_005_Gp54AHt.png", "enchant_level": 8, "grade": "G3", "slot": "Armor", "attack_power": 192, "defense_power": 105}}, {"model": "items.item", "pk": 841, "fields": {"name": "Icon Ar Torso G3 006", "item_type": "Armor", "icon_file": "Icon_AR_Torso_G3_006.png", "enchant_level": 6, "grade": "G3", "slot": "Armor", "attack_power": 285, "defense_power": 114}}, {"model": "items.item", "pk": 842, "fields": {"name": "Icon Ar Torso G3 006 W0K8Pmt", "item_type": "Armor", "icon_file": "Icon_AR_Torso_G3_006_W0k8PmT.png", "enchant_level": 7, "grade": "G3", "slot": "Armor", "attack_power": 282, "defense_power": 222}}, {"model": "items.item", "pk": 843, "fields": {"name": "Icon Ar Torso G3 007", "item_type": "Armor", "icon_file": "Icon_AR_Torso_G3_007.png", "enchant_level": 7, "grade": "G3", "slot": "Armor", "attack_power": 171, "defense_power": 141}}, {"model": "items.item", "pk": 844, "fields": {"name": "Icon Ar Torso G3 007 8Kko6Yq", "item_type": "Armor", "icon_file": "Icon_AR_Torso_G3_007_8kkO6Yq.png", "enchant_level": 5, "grade": "G3", "slot": "Armor", "attack_power": 105, "defense_power": 300}}, {"model": "items.item", "pk": 845, "fields": {"name": "Icon Ar Torso G3 008", "item_type": "Armor", "icon_file": "Icon_AR_Torso_G3_008.png", "enchant_level": 4, "grade": "G3", "slot": "Armor", "attack_power": 219, "defense_power": 231}}, {"model": "items.item", "pk": 846, "fields": {"name": "Icon Ar Torso G3 008 S9Rihdj", "item_type": "Armor", "icon_file": "Icon_AR_Torso_G3_008_s9rihDJ.png", "enchant_level": 3, "grade": "G3", "slot": "Armor", "attack_power": 93, "defense_power": 69}}, {"model": "items.item", "pk": 847, "fields": {"name": "Icon Ar Torso G3 009", "item_type": "Armor", "icon_file": "Icon_AR_Torso_G3_009.png", "enchant_level": 8, "grade": "G3", "slot": "Armor", "attack_power": 36, "defense_power": 159}}, {"model": "items.item", "pk": 848, "fields": {"name": "Icon Ar Torso G3 009 Jzc8Lv4", "item_type": "Armor", "icon_file": "Icon_AR_Torso_G3_009_jZC8lV4.png", "enchant_level": 8, "grade": "G3", "slot": "Armor", "attack_power": 279, "defense_power": 291}}, {"model": "items.item", "pk": 849, "fields": {"name": "Icon Ar Torso G3 010", "item_type": "Armor", "icon_file": "Icon_AR_Torso_G3_010.png", "enchant_level": 4, "grade": "G3", "slot": "Armor", "attack_power": 297, "defense_power": 51}}, {"model": "items.item", "pk": 850, "fields": {"name": "Icon Ar Torso G3 010 9Ecfqbt", "item_type": "Armor", "icon_file": "Icon_AR_Torso_G3_010_9ECFQbt.png", "enchant_level": 7, "grade": "G3", "slot": "Armor", "attack_power": 186, "defense_power": 228}}, {"model": "items.item", "pk": 851, "fields": {"name": "Icon Ar Torso G3 011", "item_type": "Armor", "icon_file": "Icon_AR_Torso_G3_011.png", "enchant_level": 6, "grade": "G3", "slot": "Armor", "attack_power": 69, "defense_power": 261}}, {"model": "items.item", "pk": 852, "fields": {"name": "Icon Ar Torso G3 011 Tjihivb", "item_type": "Armor", "icon_file": "Icon_AR_Torso_G3_011_tjIhiVB.png", "enchant_level": 3, "grade": "G3", "slot": "Armor", "attack_power": 99, "defense_power": 114}}, {"model": "items.item", "pk": 853, "fields": {"name": "Icon Ar Torso G3 012", "item_type": "Armor", "icon_file": "Icon_AR_Torso_G3_012.png", "enchant_level": 5, "grade": "G3", "slot": "Armor", "attack_power": 159, "defense_power": 147}}, {"model": "items.item", "pk": 854, "fields": {"name": "Icon Ar Torso G3 012 T1Bl2Wa", "item_type": "Armor", "icon_file": "Icon_AR_Torso_G3_012_T1bL2wA.png", "enchant_level": 8, "grade": "G3", "slot": "Armor", "attack_power": 84, "defense_power": 69}}, {"model": "items.item", "pk": 855, "fields": {"name": "Icon Ar Torso G4 004", "item_type": "Armor", "icon_file": "Icon_AR_Torso_G4_004.png", "enchant_level": 3, "grade": "G4", "slot": "Armor", "attack_power": 300, "defense_power": 260}}, {"model": "items.item", "pk": 856, "fields": {"name": "Icon Item Usable Skillbook Spear 04", "item_type": "Weapon", "icon_file": "Icon_Item_Usable_SkillBook_Spear_04.png", "enchant_level": 4, "grade": "Common", "slot": "Weapon", "attack_power": 15, "defense_power": 67}}, {"model": "items.item", "pk": 857, "fields": {"name": "Icon Wp Spear G2 001", "item_type": "Weapon", "icon_file": "Icon_WP_Spear_G2_001.png", "enchant_level": 5, "grade": "G2", "slot": "Weapon", "attack_power": 116, "defense_power": 176}}, {"model": "items.item", "pk": 858, "fields": {"name": "Icon Wp Spear G3 001", "item_type": "Weapon", "icon_file": "Icon_WP_Spear_G3_001.png", "enchant_level": 7, "grade": "G3", "slot": "Weapon", "attack_power": 72, "defense_power": 69}}, {"model": "items.item", "pk": 859, "fields": {"name": "Icon Wp Spear G3 001 Qexoazr", "item_type": "Weapon", "icon_file": "Icon_WP_Spear_G3_001_qeXOAZr.png", "enchant_level": 8, "grade": "G3", "slot": "Weapon", "attack_power": 75, "defense_power": 150}}, {"model": "items.item", "pk": 860, "fields": {"name": "Icon Wp Spear G3 001 Uthhu80", "item_type": "Weapon", "icon_file": "Icon_WP_Spear_G3_001_UthHU80.png", "enchant_level": 7, "grade": "G3", "slot": "Weapon", "attack_power": 111, "defense_power": 243}}, {"model": "items.item", "pk": 861, "fields": {"name": "Icon Wp Spear G3 002", "item_type": "Weapon", "icon_file": "Icon_WP_Spear_G3_002.png", "enchant_level": 6, "grade": "G3", "slot": "Weapon", "attack_power": 72, "defense_power": 228}}, {"model": "items.item", "pk": 862, "fields": {"name": "Icon Wp Spear G3 002 8Iqxe26", "item_type": "Weapon", "icon_file": "Icon_WP_Spear_G3_002_8IQxE26.png", "enchant_level": 3, "grade": "G3", "slot": "Weapon", "attack_power": 102, "defense_power": 39}}, {"model": "items.item", "pk": 863, "fields": {"name": "Icon Wp Spear G3 002 Jafxpml", "item_type": "Weapon", "icon_file": "Icon_WP_Spear_G3_002_jaFxPml.png", "enchant_level": 3, "grade": "G3", "slot": "Weapon", "attack_power": 57, "defense_power": 144}}, {"model": "items.item", "pk": 864, "fields": {"name": "Icon Wp Spear G3 003", "item_type": "Weapon", "icon_file": "Icon_WP_Spear_G3_003.png", "enchant_level": 7, "grade": "G3", "slot": "Weapon", "attack_power": 201, "defense_power": 144}}, {"model": "items.item", "pk": 865, "fields": {"name": "Icon Wp Spear G3 003 Abe5Ylu", "item_type": "Weapon", "icon_file": "Icon_WP_Spear_G3_003_aBe5ylu.png", "enchant_level": 5, "grade": "G3", "slot": "Weapon", "attack_power": 138, "defense_power": 111}}, {"model": "items.item", "pk": 866, "fields": {"name": "Icon Wp Spear G3 003 Paizet0", "item_type": "Weapon", "icon_file": "Icon_WP_Spear_G3_003_Paizet0.png", "enchant_level": 3, "grade": "G3", "slot": "Weapon", "attack_power": 93, "defense_power": 219}}, {"model": "items.item", "pk": 867, "fields": {"name": "Icon Wp Spear G3 004", "item_type": "Weapon", "icon_file": "Icon_WP_Spear_G3_004.png", "enchant_level": 5, "grade": "G3", "slot": "Weapon", "attack_power": 180, "defense_power": 231}}, {"model": "items.item", "pk": 868, "fields": {"name": "Icon Wp Spear G3 004 893Ei5M", "item_type": "Weapon", "icon_file": "Icon_WP_Spear_G3_004_893eI5m.png", "enchant_level": 8, "grade": "G3", "slot": "Weapon", "attack_power": 171, "defense_power": 48}}, {"model": "items.item", "pk": 869, "fields": {"name": "Icon Wp Spear G3 004 P17192D", "item_type": "Weapon", "icon_file": "Icon_WP_Spear_G3_004_P17192D.png", "enchant_level": 7, "grade": "G3", "slot": "Weapon", "attack_power": 30, "defense_power": 96}}, {"model": "items.item", "pk": 870, "fields": {"name": "Demon Slayer", "item_type": "Other", "icon_file": "choices/Zariche.png", "enchant_level": 0, "grade": "", "slot": "", "attack_power": 0, "defense_power": 0}}, {"model": "items.item", "pk": 871, "fields": {"name": "Scryde", "item_type": "Other", "icon_file": "choices/Icon_Classcard_Scryde.png", "enchant_level": 0, "grade": "", "slot": "", "attack_power": 0, "defense_power": 0}}, {"model": "items.item", "pk": 872, "fields": {"name": "Lionel Hunter", "item_type": "Other", "icon_file": "choices/Icon_Classcard_LionelHunter.png", "enchant_level": 0, "grade": "", "slot": "", "attack_power": 0, "defense_power": 0}}, {"model": "items.item", "pk": 873, "fields": {"name": "Aria", "item_type": "Other", "icon_file": "choices/Icon_Classcard_Aria.png", "enchant_level": 0, "grade": "", "slot": "", "attack_power": 0, "defense_power": 0}}, {"model": "items.item", "pk": 874, "fields": {"name": "Veora", "item_type": "Other", "icon_file": "choices/Icon_Classcard_Veora.png", "enchant_level": 0, "grade": "", "slot": "", "attack_power": 0, "defense_power": 0}}, {"model": "items.item", "pk": 875, "fields": {"name": "Solina", "item_type": "Other", "icon_file": "choices/Icon_Classcard_Solina.png", "enchant_level": 0, "grade": "", "slot": "", "attack_power": 0, "defense_power": 0}}, {"model": "items.item", "pk": 876, "fields": {"name": "Regina", "item_type": "Other", "icon_file": "choices/Icon_Classcard_Regina.png", "enchant_level": 0, "grade": "", "slot": "", "attack_power": 0, "defense_power": 0}}, {"model": "items.item", "pk": 877, "fields": {"name": "Daphne", "item_type": "Other", "icon_file": "choices/Icon_Classcard_Daphne.png", "enchant_level": 0, "grade": "", "slot": "", "attack_power": 0, "defense_power": 0}}, {"model": "items.item", "pk": 878, "fields": {"name": "No legendary class", "item_type": "Other", "icon_file": "choices/х3.png", "enchant_level": 0, "grade": "", "slot": "", "attack_power": 0, "defense_power": 0}}, {"model": "items.item", "pk": 879, "fields": {"name": "No legendary agathions", "item_type": "Other", "icon_file": "choices/х3.png", "enchant_level": 0, "grade": "", "slot": "", "attack_power": 0, "defense_power": 0}}, {"model": "items.item", "pk": 880, "fields": {"name": "Zarich", "item_type": "Legendary Agathion", "icon_file": "choices/Icon_Agathion_Zariche.png", "enchant_level": 0, "grade": "", "slot": "", "attack_power": 0, "defense_power": 0}}, {"model": "items.item", "pk": 881, "fields": {"name": "Orfen", "item_type": "Legendary Agathion", "icon_file": "choices/Icon_Agathion_Orfen.png", "enchant_level": 0, "grade": "", "slot": "", "attack_power": 0, "defense_power": 0}}, {"model": "items.item", "pk": 882, "fields": {"name": "Baium", "item_type": "Legendary Agathion", "icon_file": "choices/Icon_Agathion_Baium.png", "enchant_level": 0, "grade": "", "slot": "", "attack_power": 0, "defense_power": 0}}, {"model": "items.item", "pk": 883, "fields": {"name": "Anakim", "item_type": "Legendary Agathion", "icon_file": "choices/Icon_Agathion_Anakim.png", "enchant_level": 0, "grade": "", "slot": "", "attack_power": 0, "defense_power": 0}}, {"model": "items.item", "pk": 884, "fields": {"name": "Lilith", "item_type": "Legendary Agathion", "icon_file": "choices/Icon_Agathion_Lilith.png", "enchant_level": 0, "grade": "", "slot": "", "attack_power": 0, "defense_power": 0}}, {"model": "items.item", "pk": 885, "fields": {"name": "Timiniel", "item_type": "Legendary Agathion", "icon_file": "choices/Icon_Agathion_Timiniel.png", "enchant_level": 0, "grade": "", "slot": "", "attack_power": 0, "defense_power": 0}}, {"model": "items.item", "pk": 886, "fields": {"name": "Increase Strength", "item_type": "Inheritor Book", "icon_file": "choices/Icon_Item_Usable_SkillBook_04.png", "enchant_level": 0, "grade": "", "slot": "", "attack_power": 0, "defense_power": 0}}, {"model": "items.item", "pk": 887, "fields": {"name": "Increase Dexterity", "item_type": "Inheritor Book", "icon_file": "choices/Icon_Item_Usable_SkillBook_04.png", "enchant_level": 0, "grade": "", "slot": "", "attack_power": 0, "defense_power": 0}}, {"model": "items.item", "pk": 888, "fields": {"name": "Increase Intelligence", "item_type": "Inheritor Book", "icon_file": "choices/Icon_Item_Usable_SkillBook_04.png", "enchant_level": 0, "grade": "", "slot": "", "attack_power": 0, "defense_power": 0}}, {"model": "items.item", "pk": 889, "fields": {"name": "Increase Agility", "item_type": "Inheritor Book", "icon_file": "choices/Icon_Item_Usable_SkillBook_04.png", "enchant_level": 0, "grade": "", "slot": "", "attack_power": 0, "defense_power": 0}}, {"model": "items.item", "pk": 890, "fields": {"name": "Increase Wisdom", "item_type": "Inheritor Book", "icon_file": "choices/Icon_Item_Usable_SkillBook_04.png", "enchant_level": 0, "grade": "", "slot": "", "attack_power": 0, "defense_power": 0}}, {"model": "items.item", "pk": 891, "fields": {"name": "Increase Constitution", "item_type": "Inheritor Book", "icon_file": "choices/Icon_Item_Usable_SkillBook_04.png", "enchant_level": 0, "grade": "", "slot": "", "attack_power": 0, "defense_power": 0}}, {"model": "items.item", "pk": 892, "fields": {"name": "Salvation", "item_type": "Inheritor Book", "icon_file": "choices/Icon_Item_Usable_SkillBook_04.png", "enchant_level": 0, "grade": "", "slot": "", "attack_power": 0, "defense_power": 0}}, {"model": "items.item", "pk": 893, "fields": {"name": "Stun Resist", "item_type": "Inheritor Book", "icon_file": "choices/Icon_Item_Usable_SkillBook_04.png", "enchant_level": 0, "grade": "", "slot": "", "attack_power": 0, "defense_power": 0}}, {"model": "items.item", "pk": 894, "fields": {"name": "Hold Resist", "item_type": "Inheritor Book", "icon_file": "choices/Icon_Item_Usable_SkillBook_04.png", "enchant_level": 0, "grade": "", "slot": "", "attack_power": 0, "defense_power": 0}}, {"model": "items.item", "pk": 895, "fields": {"name": "Increase Stun I", "item_type": "Inheritor Book", "icon_file": "choices/Icon_Item_Usable_SkillBook_04.png", "enchant_level": 0, "grade": "", "slot": "", "attack_power": 0, "defense_power": 0}}, {"model": "items.item", "pk": 896, "fields": {"name": "Increase Skill power I", "item_type": "Inheritor Book", "icon_file": "choices/Icon_Item_Usable_SkillBook_04.png", "enchant_level": 0, "grade": "", "slot": "", "attack_power": 0, "defense_power": 0}}, {"model": "items.item", "pk": 897, "fields": {"name": "Increase Reduction", "item_type": "Inheritor Book", "icon_file": "choices/Icon_Item_Usable_SkillBook_04.png", "enchant_level": 0, "grade": "", "slot": "", "attack_power": 0, "defense_power": 0}}, {"model": "items.item", "pk": 898, "fields": {"name": "High Accuracy", "item_type": "Inheritor Book", "icon_file": "choices/Icon_Item_Usable_SkillBook_04.png", "enchant_level": 0, "grade": "", "slot": "", "attack_power": 0, "defense_power": 0}}, {"model": "items.item", "pk": 899, "fields": {"name": "High potion II", "item_type": "Inheritor Book", "icon_file": "choices/Icon_Item_Usable_SkillBook_04.png", "enchant_level": 0, "grade": "", "slot": "", "attack_power": 0, "defense_power": 0}}, {"model": "items.item", "pk": 900, "fields": {"name": "Royal Weapon Mastery", "item_type": "Inheritor Book", "icon_file": "choices/Icon_Item_Usable_SkillBook_04.png", "enchant_level": 0, "grade": "", "slot": "", "attack_power": 0, "defense_power": 0}}, {"model": "items.item", "pk": 901, "fields": {"name": "Piercing Reduction II", "item_type": "Inheritor Book", "icon_file": "choices/Icon_Item_Usable_SkillBook_04.png", "enchant_level": 0, "grade": "", "slot": "", "attack_power": 0, "defense_power": 0}}, {"model": "items.item", "pk": 902, "fields": {"name": "Eternal Life", "item_type": "Inheritor Book", "icon_file": "choices/Icon_Item_Usable_SkillBook_04.png", "enchant_level": 0, "grade": "", "slot": "", "attack_power": 0, "defense_power": 0}}, {"model": "items.item", "pk": 903, "fields": {"name": "Invincible Champion", "item_type": "Inheritor Book", "icon_file": "choices/Icon_Item_Usable_SkillBook_04.png", "enchant_level": 0, "grade": "", "slot": "", "attack_power": 0, "defense_power": 0}}, {"model": "items.item", "pk": 904, "fields": {"name": "Punishment", "item_type": "Inheritor Book", "icon_file": "choices/Icon_Item_Usable_SkillBook_04.png", "enchant_level": 0, "grade": "", "slot": "", "attack_power": 0, "defense_power": 0}}, {"model": "items.item", "pk": 905, "fields": {"name": "Blue Wolf Helmet", "item_type": "Helmet", "icon_file": "choices/Icon_AR_Helmet_G4_003.png", "enchant_level": 0, "grade": "", "slot": "", "attack_power": 0, "defense_power": 0}}, {"model": "items.item", "pk": 906, "fields": {"name": "Other blue or lower", "item_type": "Other", "icon_file": "choices/вопрос_PiWb3ob.png", "enchant_level": 0, "grade": "", "slot": "", "attack_power": 0, "defense_power": 0}}, {"model": "items.item", "pk": 907, "fields": {"name": "Majestic Circlet", "item_type": "Helmet", "icon_file": "choices/Icon_AR_Helmet_G3_001.png", "enchant_level": 0, "grade": "", "slot": "", "attack_power": 0, "defense_power": 0}}, {"model": "items.item", "pk": 909, "fields": {"name": "Helm of Nightmares +5 and lower", "item_type": "Helmet", "icon_file": "choices/Icon_AR_Helmet_G3_003.png", "enchant_level": 0, "grade": "", "slot": "", "attack_power": 0, "defense_power": 0}}, {"model": "items.item", "pk": 910, "fields": {"name": "Helm of Nightmares +6+", "item_type": "Helmet", "icon_file": "choices/Icon_AR_Helmet_G3_003_Da4OSr5.png", "enchant_level": 0, "grade": "", "slot": "", "attack_power": 0, "defense_power": 0}}, {"model": "items.item", "pk": 911, "fields": {"name": "Dark Crystal Helmet +5 and lower", "item_type": "Helmet", "icon_file": "choices/Icon_AR_Helmet_G3_002.png", "enchant_level": 0, "grade": "", "slot": "", "attack_power": 0, "defense_power": 0}}, {"model": "items.item", "pk": 912, "fields": {"name": "Dark Crystal Helmet +6+", "item_type": "Helmet", "icon_file": "choices/Icon_AR_Helmet_G3_002_qiXAwPl.png", "enchant_level": 0, "grade": "", "slot": "", "attack_power": 0, "defense_power": 0}}, {"model": "items.item", "pk": 913, "fields": {"name": "Medusa's Helm +5 and lower", "item_type": "Helmet", "icon_file": "choices/Icon_AR_Helmet_G3_004.png", "enchant_level": 0, "grade": "", "slot": "", "attack_power": 0, "defense_power": 0}}, {"model": "items.item", "pk": 914, "fields": {"name": "Medusa's Helm +6+", "item_type": "Helmet", "icon_file": "choices/Icon_AR_Helmet_G3_004_x6k8OQn.png", "enchant_level": 0, "grade": "", "slot": "", "attack_power": 0, "defense_power": 0}}, {"model": "items.item", "pk": 915, "fields": {"name": "Paulina's Helmet +7 and lower", "item_type": "Helmet", "icon_file": "choices/Icon_AR_Helmet_G3_005.png", "enchant_level": 0, "grade": "", "slot": "", "attack_power": 0, "defense_power": 0}}, {"model": "items.item", "pk": 916, "fields": {"name": "Paulina's Helmet +8+", "item_type": "Helmet", "icon_file": "choices/Icon_AR_Helmet_G3_005_8Gob2sb.png", "enchant_level": 0, "grade": "", "slot": "", "attack_power": 0, "defense_power": 0}}, {"model": "items.item", "pk": 917, "fields": {"name": "Nevit's Helmet +7 and lower", "item_type": "Helmet", "icon_file": "choices/Icon_AR_Helmet_G3_006.png", "enchant_level": 0, "grade": "", "slot": "", "attack_power": 0, "defense_power": 0}}, {"model": "items.item", "pk": 918, "fields": {"name": "Nevit's Helmet +8+", "item_type": "Helmet", "icon_file": "choices/Icon_AR_Helmet_G3_006_psXukqD.png", "enchant_level": 0, "grade": "", "slot": "", "attack_power": 0, "defense_power": 0}}, {"model": "items.item", "pk": 919, "fields": {"name": "Tersi's Circlet +7 and lower", "item_type": "Helmet", "icon_file": "choices/Icon_AR_Helmet_G3_007.png", "enchant_level": 0, "grade": "", "slot": "", "attack_power": 0, "defense_power": 0}}, {"model": "items.item", "pk": 920, "fields": {"name": "Tersi's Circlet +8+", "item_type": "Helmet", "icon_file": "choices/Icon_AR_Helmet_G3_007_E2ONqpB.png", "enchant_level": 0, "grade": "", "slot": "", "attack_power": 0, "defense_power": 0}}, {"model": "items.item", "pk": 921, "fields": {"name": "Ancient Elven Helm +5 and lower", "item_type": "Helmet", "icon_file": "choices/Icon_AR_Helmet_G3_009.png", "enchant_level": 0, "grade": "", "slot": "", "attack_power": 0, "defense_power": 0}}, {"model": "items.item", "pk": 922, "fields": {"name": "Ancient Elven Helm +6+", "item_type": "Helmet", "icon_file": "choices/Icon_AR_Helmet_G3_009_8QSGd23.png", "enchant_level": 0, "grade": "", "slot": "", "attack_power": 0, "defense_power": 0}}, {"model": "items.item", "pk": 923, "fields": {"name": "Imperial Crusader Helmet", "item_type": "Helmet", "icon_file": "choices/Icon_AR_Helmet_G2_003.png", "enchant_level": 0, "grade": "", "slot": "", "attack_power": 0, "defense_power": 0}}, {"model": "items.item", "pk": 924, "fields": {"name": "Major Arcana Circlet", "item_type": "Helmet", "icon_file": "choices/Icon_AR_Helmet_G2_002.png", "enchant_level": 0, "grade": "", "slot": "", "attack_power": 0, "defense_power": 0}}, {"model": "items.item", "pk": 925, "fields": {"name": "Draconic Helmet", "item_type": "Helmet", "icon_file": "choices/Icon_AR_Helmet_G2_001.png", "enchant_level": 0, "grade": "", "slot": "", "attack_power": 0, "defense_power": 0}}, {"model": "items.item", "pk": 926, "fields": {"name": "Blue Wolf Gloves +6+", "item_type": "Gloves", "icon_file": "choices/Icon_AR_Gloves_G4_006.png", "enchant_level": 0, "grade": "", "slot": "", "attack_power": 0, "defense_power": 0}}, {"model": "items.item", "pk": 927, "fields": {"name": "Majestic Gloves +5 and lower", "item_type": "Gloves", "icon_file": "choices/Icon_AR_Gloves_G3_001.png", "enchant_level": 0, "grade": "", "slot": "", "attack_power": 0, "defense_power": 0}}, {"model": "items.item", "pk": 928, "fields": {"name": "Majestic Gloves +6+", "item_type": "Gloves", "icon_file": "choices/Icon_AR_Gloves_G3_001_QaM3cf3.png", "enchant_level": 0, "grade": "", "slot": "", "attack_power": 0, "defense_power": 0}}, {"model": "items.item", "pk": 929, "fields": {"name": "Gauntlets of Nightmare +5 and lower", "item_type": "Gloves", "icon_file": "choices/Icon_AR_Gloves_G3_002.png", "enchant_level": 0, "grade": "", "slot": "", "attack_power": 0, "defense_power": 0}}, {"model": "items.item", "pk": 930, "fields": {"name": "Gauntlets of Nightmare +6+", "item_type": "Gloves", "icon_file": "choices/Icon_AR_Gloves_G3_002_a6HUtJf.png", "enchant_level": 0, "grade": "", "slot": "", "attack_power": 0, "defense_power": 0}}, {"model": "items.item", "pk": 931, "fields": {"name": "Dark Crystal Gloves +5 and lower", "item_type": "Gloves", "icon_file": "choices/Icon_AR_Gloves_G3_003.png", "enchant_level": 0, "grade": "", "slot": "", "attack_power": 0, "defense_power": 0}}, {"model": "items.item", "pk": 932, "fields": {"name": "Dark Crystal Gloves +6+", "item_type": "Gloves", "icon_file": "choices/Icon_AR_Gloves_G3_003_0lMiEvB.png", "enchant_level": 0, "grade": "", "slot": "", "attack_power": 0, "defense_power": 0}}, {"model": "items.item", "pk": 933, "fields": {"name": "Tersi's Gloves +7 and lower", "item_type": "Gloves", "icon_file": "choices/Icon_AR_Gloves_G3_004.png", "enchant_level": 0, "grade": "", "slot": "", "attack_power": 0, "defense_power": 0}}, {"model": "items.item", "pk": 934, "fields": {"name": "Tersi's Gloves +8+", "item_type": "Gloves", "icon_file": "choices/Icon_AR_Gloves_G3_004_pf1nYus.png", "enchant_level": 0, "grade": "", "slot": "", "attack_power": 0, "defense_power": 0}}, {"model": "items.item", "pk": 935, "fields": {"name": "Paulina's Gauntlets +7 and lower", "item_type": "Gloves", "icon_file": "choices/Icon_AR_Gloves_G3_005.png", "enchant_level": 0, "grade": "", "slot": "", "attack_power": 0, "defense_power": 0}}, {"model": "items.item", "pk": 936, "fields": {"name": "Paulina's Gauntlets +8+", "item_type": "Gloves", "icon_file": "choices/Icon_AR_Gloves_G3_005_LlGO3gz.png", "enchant_level": 0, "grade": "", "slot": "", "attack_power": 0, "defense_power": 0}}, {"model": "items.item", "pk": 937, "fields": {"name": "Nevit's Gloves +7 and lower", "item_type": "Gloves", "icon_file": "choices/Icon_AR_Gloves_G3_006.png", "enchant_level": 0, "grade": "", "slot": "", "attack_power": 0, "defense_power": 0}}, {"model": "items.item", "pk": 938, "fields": {"name": "Nevit's Gloves +8+", "item_type": "Gloves", "icon_file": "choices/Icon_AR_Gloves_G3_006_gN9Tvux.png", "enchant_level": 0, "grade": "", "slot": "", "attack_power": 0, "defense_power": 0}}, {"model": "items.item", "pk": 939, "fields": {"name": "Jarngreipr +5 and lower", "item_type": "Gloves", "icon_file": "choices/Icon_AR_Gloves_G3_007.png", "enchant_level": 0, "grade": "", "slot": "", "attack_power": 0, "defense_power": 0}}, {"model": "items.item", "pk": 940, "fields": {"name": "Jarngreipr +6+", "item_type": "Gloves", "icon_file": "choices/Icon_AR_Gloves_G3_007_3CSZCRG.png", "enchant_level": 0, "grade": "", "slot": "", "attack_power": 0, "defense_power": 0}}, {"model": "items.item", "pk": 941, "fields": {"name": "Vision Guardian +7 and lower", "item_type": "Other", "icon_file": "choices/Icon_AR_Gloves_G3_008.png", "enchant_level": 0, "grade": "", "slot": "", "attack_power": 0, "defense_power": 0}}, {"model": "items.item", "pk": 942, "fields": {"name": "Vision Guardian +8+", "item_type": "Other", "icon_file": "choices/Icon_AR_Gloves_G3_008_xqIeU8n.png", "enchant_level": 0, "grade": "", "slot": "", "attack_power": 0, "defense_power": 0}}, {"model": "items.item", "pk": 943, "fields": {"name": "Gloves of Blessing +5 and lower", "item_type": "Gloves", "icon_file": "choices/Icon_AR_Gloves_G3_009.png", "enchant_level": 0, "grade": "", "slot": "", "attack_power": 0, "defense_power": 0}}, {"model": "items.item", "pk": 944, "fields": {"name": "Gloves of Blessing +6+", "item_type": "Gloves", "icon_file": "choices/Icon_AR_Gloves_G3_009_RGaCLCh.png", "enchant_level": 0, "grade": "", "slot": "", "attack_power": 0, "defense_power": 0}}, {"model": "items.item", "pk": 945, "fields": {"name": "Forgotten Hero Gloves +7 and lower", "item_type": "Gloves", "icon_file": "choices/Icon_AR_Gloves_G3_010.png", "enchant_level": 0, "grade": "", "slot": "", "attack_power": 0, "defense_power": 0}}, {"model": "items.item", "pk": 946, "fields": {"name": "Forgotten Hero Gloves +8+", "item_type": "Gloves", "icon_file": "choices/Icon_AR_Gloves_G3_010_LhjNydA.png", "enchant_level": 0, "grade": "", "slot": "", "attack_power": 0, "defense_power": 0}}, {"model": "items.item", "pk": 947, "fields": {"name": "Demon's Gauntlets +5 and lower", "item_type": "Gloves", "icon_file": "choices/Icon_AR_Gloves_G3_011.png", "enchant_level": 0, "grade": "", "slot": "", "attack_power": 0, "defense_power": 0}}, {"model": "items.item", "pk": 948, "fields": {"name": "Demon's Gauntlets +6+", "item_type": "Gloves", "icon_file": "choices/Icon_AR_Gloves_G3_011_Z5XcE6l.png", "enchant_level": 0, "grade": "", "slot": "", "attack_power": 0, "defense_power": 0}}, {"model": "items.item", "pk": 949, "fields": {"name": "Ancient Elven Gauntlet +5 and lower", "item_type": "Other", "icon_file": "choices/Icon_AR_Gloves_G3_012.png", "enchant_level": 0, "grade": "", "slot": "", "attack_power": 0, "defense_power": 0}}, {"model": "items.item", "pk": 950, "fields": {"name": "Ancient Elven Gauntlet +6+", "item_type": "Other", "icon_file": "choices/Icon_AR_Gloves_G3_012_RMJdCVy.png", "enchant_level": 0, "grade": "", "slot": "", "attack_power": 0, "defense_power": 0}}, {"model": "items.item", "pk": 951, "fields": {"name": "Draconic Leather Gloves", "item_type": "Gloves", "icon_file": "choices/Icon_AR_Gloves_G2_001.png", "enchant_level": 0, "grade": "", "slot": "", "attack_power": 0, "defense_power": 0}}, {"model": "items.item", "pk": 952, "fields": {"name": "Pa'agrio's Flames", "item_type": "Other", "icon_file": "choices/Icon_AR_Gloves_G2_002.png", "enchant_level": 0, "grade": "", "slot": "", "attack_power": 0, "defense_power": 0}}, {"model": "items.item", "pk": 953, "fields": {"name": "Blue Wolf Boots +6+", "item_type": "Boots", "icon_file": "choices/Icon_AR_Boots_G4_006.png", "enchant_level": 0, "grade": "", "slot": "", "attack_power": 0, "defense_power": 0}}, {"model": "items.item", "pk": 954, "fields": {"name": "Majestic Boots +5 or lower", "item_type": "Boots", "icon_file": "choices/Icon_AR_Boots_G3_001.png", "enchant_level": 0, "grade": "", "slot": "", "attack_power": 0, "defense_power": 0}}, {"model": "items.item", "pk": 955, "fields": {"name": "Majestic Boots +6+", "item_type": "Boots", "icon_file": "choices/Icon_AR_Boots_G3_001_yojHyx3.png", "enchant_level": 0, "grade": "", "slot": "", "attack_power": 0, "defense_power": 0}}, {"model": "items.item", "pk": 956, "fields": {"name": "Boots of Nightmares +5 or lower", "item_type": "Boots", "icon_file": "choices/Icon_AR_Boots_G3_002.png", "enchant_level": 0, "grade": "", "slot": "", "attack_power": 0, "defense_power": 0}}, {"model": "items.item", "pk": 957, "fields": {"name": "Boots of Nightmares +6+", "item_type": "Boots", "icon_file": "choices/Icon_AR_Boots_G3_002_bJTsB6w.png", "enchant_level": 0, "grade": "", "slot": "", "attack_power": 0, "defense_power": 0}}, {"model": "items.item", "pk": 958, "fields": {"name": "Dark Crystal Boots +5 or lower", "item_type": "Boots", "icon_file": "choices/Icon_AR_Boots_G3_003.png", "enchant_level": 0, "grade": "", "slot": "", "attack_power": 0, "defense_power": 0}}, {"model": "items.item", "pk": 959, "fields": {"name": "Dark Crystal Boots +6+", "item_type": "Boots", "icon_file": "choices/Icon_AR_Boots_G3_003_9XLJ0Bl.png", "enchant_level": 0, "grade": "", "slot": "", "attack_power": 0, "defense_power": 0}}, {"model": "items.item", "pk": 960, "fields": {"name": "Tersi's Boots +7 or lower", "item_type": "Boots", "icon_file": "choices/Icon_AR_Boots_G3_004.png", "enchant_level": 0, "grade": "", "slot": "", "attack_power": 0, "defense_power": 0}}, {"model": "items.item", "pk": 961, "fields": {"name": "Tersi's Boots +8+", "item_type": "Boots", "icon_file": "choices/Icon_AR_Boots_G3_004_c4B8NWF.png", "enchant_level": 0, "grade": "", "slot": "", "attack_power": 0, "defense_power": 0}}, {"model": "items.item", "pk": 962, "fields": {"name": "Paulina's Boots +7 or lower", "item_type": "Boots", "icon_file": "choices/Icon_AR_Boots_G3_005.png", "enchant_level": 0, "grade": "", "slot": "", "attack_power": 0, "defense_power": 0}}, {"model": "items.item", "pk": 963, "fields": {"name": "Paulina's Boots +8+", "item_type": "Boots", "icon_file": "choices/Icon_AR_Boots_G3_005_Rl4fZQt.png", "enchant_level": 0, "grade": "", "slot": "", "attack_power": 0, "defense_power": 0}}, {"model": "items.item", "pk": 964, "fields": {"name": "Nevit's Boots +7 or lower", "item_type": "Boots", "icon_file": "choices/Icon_AR_Boots_G3_006.png", "enchant_level": 0, "grade": "", "slot": "", "attack_power": 0, "defense_power": 0}}, {"model": "items.item", "pk": 965, "fields": {"name": "Nevit's Boots +8+", "item_type": "Boots", "icon_file": "choices/Icon_AR_Boots_G3_006_qvxjIlC.png", "enchant_level": 0, "grade": "", "slot": "", "attack_power": 0, "defense_power": 0}}, {"model": "items.item", "pk": 966, "fields": {"name": "Demon's Boots +5 or lower", "item_type": "Boots", "icon_file": "choices/Icon_AR_Boots_G3_007.png", "enchant_level": 0, "grade": "", "slot": "", "attack_power": 0, "defense_power": 0}}, {"model": "items.item", "pk": 967, "fields": {"name": "Demon's Boots +6+", "item_type": "Boots", "icon_file": "choices/Icon_AR_Boots_G3_007_3z1VnBd.png", "enchant_level": 0, "grade": "", "slot": "", "attack_power": 0, "defense_power": 0}}, {"model": "items.item", "pk": 968, "fields": {"name": "Kaliel's Boots +7 or lower", "item_type": "Boots", "icon_file": "choices/Icon_AR_Boots_G3_008.png", "enchant_level": 0, "grade": "", "slot": "", "attack_power": 0, "defense_power": 0}}, {"model": "items.item", "pk": 969, "fields": {"name": "Kaliel's Boots +8+", "item_type": "Boots", "icon_file": "choices/Icon_AR_Boots_G3_008_qmLQJcb.png", "enchant_level": 0, "grade": "", "slot": "", "attack_power": 0, "defense_power": 0}}, {"model": "items.item", "pk": 970, "fields": {"name": "Forgotten's Hero Boots +7 and lower", "item_type": "Boots", "icon_file": "choices/Icon_AR_Boots_G3_009.png", "enchant_level": 0, "grade": "", "slot": "", "attack_power": 0, "defense_power": 0}}, {"model": "items.item", "pk": 971, "fields": {"name": "Forgotten's Hero Boots +8+", "item_type": "Boots", "icon_file": "choices/Icon_AR_Boots_G3_009_J5iS6W4.png", "enchant_level": 0, "grade": "", "slot": "", "attack_power": 0, "defense_power": 0}}, {"model": "items.item", "pk": 972, "fields": {"name": "Ancient Elven Boots +5 and lower", "item_type": "Boots", "icon_file": "choices/Icon_AR_Boots_G3_010.png", "enchant_level": 0, "grade": "", "slot": "", "attack_power": 0, "defense_power": 0}}, {"model": "items.item", "pk": 973, "fields": {"name": "Ancient Elven Boots +6+", "item_type": "Boots", "icon_file": "choices/Icon_AR_Boots_G3_010_NSejBgl.png", "enchant_level": 0, "grade": "", "slot": "", "attack_power": 0, "defense_power": 0}}, {"model": "items.item", "pk": 974, "fields": {"name": "Draconic", "item_type": "Other", "icon_file": "choices/Icon_AR_Boots_G2_001.png", "enchant_level": 0, "grade": "", "slot": "", "attack_power": 0, "defense_power": 0}}, {"model": "items.item", "pk": 975, "fields": {"name": "Sayha's Wind", "item_type": "Other", "icon_file": "choices/Icon_AR_Boots_G2_002.png", "enchant_level": 0, "grade": "", "slot": "", "attack_power": 0, "defense_power": 0}}, {"model": "items.item", "pk": 976, "fields": {"name": "Blue Wolf Gaiters +6+", "item_type": "Pants", "icon_file": "choices/Icon_AR_Pants_G4_003.png", "enchant_level": 0, "grade": "", "slot": "", "attack_power": 0, "defense_power": 0}}, {"model": "items.item", "pk": 977, "fields": {"name": "Basila Skin +6+", "item_type": "Other", "icon_file": "choices/Icon_AR_Pants_G4_004.png", "enchant_level": 0, "grade": "", "slot": "", "attack_power": 0, "defense_power": 0}}, {"model": "items.item", "pk": 978, "fields": {"name": "Blood Gaiters +5 and lower", "item_type": "Pants", "icon_file": "choices/Icon_AR_Pants_G3_001.png", "enchant_level": 0, "grade": "", "slot": "", "attack_power": 0, "defense_power": 0}}, {"model": "items.item", "pk": 979, "fields": {"name": "Blood Gaiters +6+", "item_type": "Pants", "icon_file": "choices/Icon_AR_Pants_G3_001_mcaXulV.png", "enchant_level": 0, "grade": "", "slot": "", "attack_power": 0, "defense_power": 0}}, {"model": "items.item", "pk": 980, "fields": {"name": "Gaiters of Light +5 and lower", "item_type": "Pants", "icon_file": "choices/Icon_AR_Pants_G3_002.png", "enchant_level": 0, "grade": "", "slot": "", "attack_power": 0, "defense_power": 0}}, {"model": "items.item", "pk": 981, "fields": {"name": "Gaiters of Light +6+", "item_type": "Pants", "icon_file": "choices/Icon_AR_Pants_G3_002_zIKnuHJ.png", "enchant_level": 0, "grade": "", "slot": "", "attack_power": 0, "defense_power": 0}}, {"model": "items.item", "pk": 982, "fields": {"name": "Gaiters of Ice +5 and lower", "item_type": "Pants", "icon_file": "choices/Icon_AR_Pants_G3_003.png", "enchant_level": 0, "grade": "", "slot": "", "attack_power": 0, "defense_power": 0}}, {"model": "items.item", "pk": 983, "fields": {"name": "Gaiters of Ice +6+", "item_type": "Pants", "icon_file": "choices/Icon_AR_Pants_G3_003_yhjUAYi.png", "enchant_level": 0, "grade": "", "slot": "", "attack_power": 0, "defense_power": 0}}, {"model": "items.item", "pk": 984, "fields": {"name": "Shilen's Breath +5 and lower", "item_type": "Other", "icon_file": "choices/Icon_AR_Pants_G3_004.png", "enchant_level": 0, "grade": "", "slot": "", "attack_power": 0, "defense_power": 0}}, {"model": "items.item", "pk": 985, "fields": {"name": "Shilen's Breath +6+", "item_type": "Other", "icon_file": "choices/Icon_AR_Pants_G3_004_a8jdSeN.png", "enchant_level": 0, "grade": "", "slot": "", "attack_power": 0, "defense_power": 0}}, {"model": "items.item", "pk": 986, "fields": {"name": "Crystal Gaiters +5 and lower", "item_type": "Pants", "icon_file": "choices/Icon_AR_Pants_G3_005.png", "enchant_level": 0, "grade": "", "slot": "", "attack_power": 0, "defense_power": 0}}, {"model": "items.item", "pk": 987, "fields": {"name": "Crystal Gaiters +6+", "item_type": "Pants", "icon_file": "choices/Icon_AR_Pants_G3_005_Uo0dsov.png", "enchant_level": 0, "grade": "", "slot": "", "attack_power": 0, "defense_power": 0}}, {"model": "items.item", "pk": 988, "fields": {"name": "Forgotten Hero's Gaiters +5 and lower", "item_type": "Pants", "icon_file": "choices/Icon_AR_Pants_G3_006.png", "enchant_level": 0, "grade": "", "slot": "", "attack_power": 0, "defense_power": 0}}, {"model": "items.item", "pk": 989, "fields": {"name": "Forgotten Hero's Gaiters +6+", "item_type": "Pants", "icon_file": "choices/Icon_AR_Pants_G3_006_23eAWTU.png", "enchant_level": 0, "grade": "", "slot": "", "attack_power": 0, "defense_power": 0}}, {"model": "items.item", "pk": 990, "fields": {"name": "Imperial Crusader Gaiters", "item_type": "Pants", "icon_file": "choices/Icon_AR_Pants_G2_001.png", "enchant_level": 0, "grade": "", "slot": "", "attack_power": 0, "defense_power": 0}}, {"model": "items.item", "pk": 991, "fields": {"name": "Blue Wolf Breastplate +6+", "item_type": "Torso", "icon_file": "choices/Icon_AR_Torso_G4_004.png", "enchant_level": 0, "grade": "", "slot": "", "attack_power": 0, "defense_power": 0}}, {"model": "items.item", "pk": 992, "fields": {"name": "Majestic Robe +5 and lower", "item_type": "Torso", "icon_file": "choices/Icon_AR_Torso_G3_001.png", "enchant_level": 0, "grade": "", "slot": "", "attack_power": 0, "defense_power": 0}}, {"model": "items.item", "pk": 993, "fields": {"name": "Majestic Robe +6+", "item_type": "Torso", "icon_file": "choices/Icon_AR_Torso_G3_001_sLOin8b.png", "enchant_level": 0, "grade": "", "slot": "", "attack_power": 0, "defense_power": 0}}, {"model": "items.item", "pk": 994, "fields": {"name": "Armor of Nightmares +5 and lower", "item_type": "Torso", "icon_file": "choices/Icon_AR_Torso_G3_002.png", "enchant_level": 0, "grade": "", "slot": "", "attack_power": 0, "defense_power": 0}}, {"model": "items.item", "pk": 995, "fields": {"name": "Armor of Nightmares +6+", "item_type": "Torso", "icon_file": "choices/Icon_AR_Torso_G3_002_xOGwcXB.png", "enchant_level": 0, "grade": "", "slot": "", "attack_power": 0, "defense_power": 0}}, {"model": "items.item", "pk": 996, "fields": {"name": "Dark Crystal Breastplate +5 and lower", "item_type": "Torso", "icon_file": "choices/Icon_AR_Torso_G3_003.png", "enchant_level": 0, "grade": "", "slot": "", "attack_power": 0, "defense_power": 0}}, {"model": "items.item", "pk": 997, "fields": {"name": "Dark Crystal Breastplate +6+", "item_type": "Torso", "icon_file": "choices/Icon_AR_Torso_G3_003_7Rqn8ca.png", "enchant_level": 0, "grade": "", "slot": "", "attack_power": 0, "defense_power": 0}}, {"model": "items.item", "pk": 998, "fields": {"name": "Tersi's Robe +7 and lower", "item_type": "Torso", "icon_file": "choices/Icon_AR_Torso_G3_004.png", "enchant_level": 0, "grade": "", "slot": "", "attack_power": 0, "defense_power": 0}}, {"model": "items.item", "pk": 999, "fields": {"name": "Tersi's Robe +8+", "item_type": "Torso", "icon_file": "choices/Icon_AR_Torso_G3_004_dsf80Kl.png", "enchant_level": 0, "grade": "", "slot": "", "attack_power": 0, "defense_power": 0}}, {"model": "items.item", "pk": 1000, "fields": {"name": "Paulina's Breastplate +7 and lower", "item_type": "Torso", "icon_file": "choices/Icon_AR_Torso_G3_005.png", "enchant_level": 0, "grade": "", "slot": "", "attack_power": 0, "defense_power": 0}}, {"model": "items.item", "pk": 1001, "fields": {"name": "Paulina's Breastplate +8+", "item_type": "Torso", "icon_file": "choices/Icon_AR_Torso_G3_005_Gp54AHt.png", "enchant_level": 0, "grade": "", "slot": "", "attack_power": 0, "defense_power": 0}}, {"model": "items.item", "pk": 1002, "fields": {"name": "Nevit's Armor +7 and lower", "item_type": "Torso", "icon_file": "choices/Icon_AR_Torso_G3_006.png", "enchant_level": 0, "grade": "", "slot": "", "attack_power": 0, "defense_power": 0}}, {"model": "items.item", "pk": 1003, "fields": {"name": "Nevit's Armor +8+", "item_type": "Torso", "icon_file": "choices/Icon_AR_Torso_G3_006_W0k8PmT.png", "enchant_level": 0, "grade": "", "slot": "", "attack_power": 0, "defense_power": 0}}, {"model": "items.item", "pk": 1004, "fields": {"name": "Savan's Robe +5 and lower", "item_type": "Torso", "icon_file": "choices/Icon_AR_Torso_G3_007.png", "enchant_level": 0, "grade": "", "slot": "", "attack_power": 0, "defense_power": 0}}, {"model": "items.item", "pk": 1005, "fields": {"name": "Savan's Robe +6+", "item_type": "Torso", "icon_file": "choices/Icon_AR_Torso_G3_007_8kkO6Yq.png", "enchant_level": 0, "grade": "", "slot": "", "attack_power": 0, "defense_power": 0}}, {"model": "items.item", "pk": 1006, "fields": {"name": "Absolute Tunic +5 and lower", "item_type": "Torso", "icon_file": "choices/Icon_AR_Torso_G3_008.png", "enchant_level": 0, "grade": "", "slot": "", "attack_power": 0, "defense_power": 0}}, {"model": "items.item", "pk": 1007, "fields": {"name": "Absolute Tunic +6+", "item_type": "Torso", "icon_file": "choices/Icon_AR_Torso_G3_008_s9rihDJ.png", "enchant_level": 0, "grade": "", "slot": "", "attack_power": 0, "defense_power": 0}}, {"model": "items.item", "pk": 1008, "fields": {"name": "Apella Plate Armor +5 and lower", "item_type": "Torso", "icon_file": "choices/Icon_AR_Torso_G3_009.png", "enchant_level": 0, "grade": "", "slot": "", "attack_power": 0, "defense_power": 0}}, {"model": "items.item", "pk": 1009, "fields": {"name": "Apella Plate Armor +6+", "item_type": "Torso", "icon_file": "choices/Icon_AR_Torso_G3_009_jZC8lV4.png", "enchant_level": 0, "grade": "", "slot": "", "attack_power": 0, "defense_power": 0}}, {"model": "items.item", "pk": 1010, "fields": {"name": "Forgotten Hero's Breastplate +7 and lower", "item_type": "Torso", "icon_file": "choices/Icon_AR_Torso_G3_010.png", "enchant_level": 0, "grade": "", "slot": "", "attack_power": 0, "defense_power": 0}}, {"model": "items.item", "pk": 1011, "fields": {"name": "Forgotten Hero's Breastplate +8+", "item_type": "Torso", "icon_file": "choices/Icon_AR_Torso_G3_010_9ECFQbt.png", "enchant_level": 0, "grade": "", "slot": "", "attack_power": 0, "defense_power": 0}}, {"model": "items.item", "pk": 1012, "fields": {"name": "Ancient Elven Armor +5 and lower", "item_type": "Torso", "icon_file": "choices/Icon_AR_Torso_G3_011.png", "enchant_level": 0, "grade": "", "slot": "", "attack_power": 0, "defense_power": 0}}, {"model": "items.item", "pk": 1013, "fields": {"name": "Ancient Elven Armor +6+", "item_type": "Torso", "icon_file": "choices/Icon_AR_Torso_G3_011_tjIhiVB.png", "enchant_level": 0, "grade": "", "slot": "", "attack_power": 0, "defense_power": 0}}, {"model": "items.item", "pk": 1014, "fields": {"name": "Demon's Armor +5 and lower", "item_type": "Torso", "icon_file": "choices/Icon_AR_Torso_G3_012.png", "enchant_level": 0, "grade": "", "slot": "", "attack_power": 0, "defense_power": 0}}, {"model": "items.item", "pk": 1015, "fields": {"name": "Demon's Armor +6+", "item_type": "Torso", "icon_file": "choices/Icon_AR_Torso_G3_012_T1bL2wA.png", "enchant_level": 0, "grade": "", "slot": "", "attack_power": 0, "defense_power": 0}}, {"model": "items.item", "pk": 1016, "fields": {"name": "Draconic Leather Armor", "item_type": "Torso", "icon_file": "choices/Icon_AR_Torso_G2_001.png", "enchant_level": 0, "grade": "", "slot": "", "attack_power": 0, "defense_power": 0}}, {"model": "items.item", "pk": 1017, "fields": {"name": "Major Arcana Robe", "item_type": "Torso", "icon_file": "choices/Icon_AR_Torso_G2_002.png", "enchant_level": 0, "grade": "", "slot": "", "attack_power": 0, "defense_power": 0}}, {"model": "items.item", "pk": 1018, "fields": {"name": "Imperial Crusader Breastplate", "item_type": "Torso", "icon_file": "choices/Icon_AR_Torso_G2_003.png", "enchant_level": 0, "grade": "", "slot": "", "attack_power": 0, "defense_power": 0}}, {"model": "items.item", "pk": 1019, "fields": {"name": "Silver Cloak +7+", "item_type": "Cloak", "icon_file": "choices/Icon_AR_Cape_G5_003.png", "enchant_level": 0, "grade": "", "slot": "", "attack_power": 0, "defense_power": 0}}, {"model": "items.item", "pk": 1020, "fields": {"name": "Cranigg's Cloak +6+", "item_type": "Cloak", "icon_file": "choices/Icon_AR_Cape_G4_006.png", "enchant_level": 0, "grade": "", "slot": "", "attack_power": 0, "defense_power": 0}}, {"model": "items.item", "pk": 1021, "fields": {"name": "Other blue or green cloak", "item_type": "Cloak", "icon_file": "choices/вопрос_PiWb3ob.png", "enchant_level": 0, "grade": "", "slot": "", "attack_power": 0, "defense_power": 0}}, {"model": "items.item", "pk": 1022, "fields": {"name": "Dragon's Scale +5 or lower", "item_type": "Cloak", "icon_file": "choices/Icon_AR_Cape_G3_001.png", "enchant_level": 0, "grade": "", "slot": "", "attack_power": 0, "defense_power": 0}}, {"model": "items.item", "pk": 1023, "fields": {"name": "Dragon's Scale +6+", "item_type": "Cloak", "icon_file": "choices/Icon_AR_Cape_G3_001_SFLdNyU.png", "enchant_level": 0, "grade": "", "slot": "", "attack_power": 0, "defense_power": 0}}, {"model": "items.item", "pk": 1024, "fields": {"name": "Zaken's Cloak +5 or lower", "item_type": "Cloak", "icon_file": "choices/Icon_AR_Cape_G3_002.png", "enchant_level": 0, "grade": "", "slot": "", "attack_power": 0, "defense_power": 0}}, {"model": "items.item", "pk": 1025, "fields": {"name": "Zaken's Cloak +6+", "item_type": "Cloak", "icon_file": "choices/Icon_AR_Cape_G3_002_EWwkM2B.png", "enchant_level": 0, "grade": "", "slot": "", "attack_power": 0, "defense_power": 0}}, {"model": "items.item", "pk": 1026, "fields": {"name": "Cloak of Freya +5 or lower", "item_type": "Cloak", "icon_file": "choices/Icon_AR_Cape_G3_003.png", "enchant_level": 0, "grade": "", "slot": "", "attack_power": 0, "defense_power": 0}}, {"model": "items.item", "pk": 1027, "fields": {"name": "Cloak of Freya +6+", "item_type": "Cloak", "icon_file": "choices/Icon_AR_Cape_G3_003_TlWsloP.png", "enchant_level": 0, "grade": "", "slot": "", "attack_power": 0, "defense_power": 0}}, {"model": "items.item", "pk": 1028, "fields": {"name": "Queen Ant's Wing +5 or lower", "item_type": "Cloak", "icon_file": "choices/Icon_AR_Cape_G3_004.png", "enchant_level": 0, "grade": "", "slot": "", "attack_power": 0, "defense_power": 0}}, {"model": "items.item", "pk": 1029, "fields": {"name": "Queen Ant's Wing +6+", "item_type": "Cloak", "icon_file": "choices/Icon_AR_Cape_G3_004_skqdoKn.png", "enchant_level": 0, "grade": "", "slot": "", "attack_power": 0, "defense_power": 0}}, {"model": "items.item", "pk": 1030, "fields": {"name": "Cloak of Silence +5 or lower", "item_type": "Cloak", "icon_file": "choices/Icon_AR_Cape_G3_005.png", "enchant_level": 0, "grade": "", "slot": "", "attack_power": 0, "defense_power": 0}}, {"model": "items.item", "pk": 1031, "fields": {"name": "Cloak of Silence +6+", "item_type": "Cloak", "icon_file": "choices/Icon_AR_Cape_G3_005_vObJqD0.png", "enchant_level": 0, "grade": "", "slot": "", "attack_power": 0, "defense_power": 0}}, {"model": "items.item", "pk": 1032, "fields": {"name": "Eigis Cloak +5 or lower", "item_type": "Cloak", "icon_file": "choices/Icon_AR_Cape_G3_006.png", "enchant_level": 0, "grade": "", "slot": "", "attack_power": 0, "defense_power": 0}}, {"model": "items.item", "pk": 1033, "fields": {"name": "Eigis Cloak +6+", "item_type": "Cloak", "icon_file": "choices/Icon_AR_Cape_G3_006_Xgvr1WM.png", "enchant_level": 0, "grade": "", "slot": "", "attack_power": 0, "defense_power": 0}}, {"model": "items.item", "pk": 1034, "fields": {"name": "Cloak of Authority +5 or lower", "item_type": "Cloak", "icon_file": "choices/Icon_AR_Cape_G3_007.png", "enchant_level": 0, "grade": "", "slot": "", "attack_power": 0, "defense_power": 0}}, {"model": "items.item", "pk": 1035, "fields": {"name": "Cloak of Authority +6+", "item_type": "Cloak", "icon_file": "choices/Icon_AR_Cape_G3_007_KG43izQ.png", "enchant_level": 0, "grade": "", "slot": "", "attack_power": 0, "defense_power": 0}}, {"model": "items.item", "pk": 1036, "fields": {"name": "Selihoden's Wing +5 and lower", "item_type": "Cloak", "icon_file": "choices/Icon_AR_Cape_G3_008.png", "enchant_level": 0, "grade": "", "slot": "", "attack_power": 0, "defense_power": 0}}, {"model": "items.item", "pk": 1037, "fields": {"name": "Selihoden's Wing +6+", "item_type": "Cloak", "icon_file": "choices/Icon_AR_Cape_G3_008_x9bE1zn.png", "enchant_level": 0, "grade": "", "slot": "", "attack_power": 0, "defense_power": 0}}, {"model": "items.item", "pk": 1038, "fields": {"name": "Nevit's Cloak of Light", "item_type": "Cloak", "icon_file": "choices/Icon_AR_Cape_G2_001.png", "enchant_level": 0, "grade": "", "slot": "", "attack_power": 0, "defense_power": 0}}, {"model": "items.item", "pk": 1039, "fields": {"name": "Nailop's Cloak", "item_type": "Cloak", "icon_file": "choices/Icon_AR_Cape_G2_002.png", "enchant_level": 0, "grade": "", "slot": "", "attack_power": 0, "defense_power": 0}}, {"model": "items.item", "pk": 1040, "fields": {"name": "Dream Sigil +3-4", "item_type": "Sigil", "icon_file": "choices/Icon_AR_Sigil_G4_001.png", "enchant_level": 0, "grade": "", "slot": "", "attack_power": 0, "defense_power": 0}}, {"model": "items.item", "pk": 1041, "fields": {"name": "Dream Sigil +5+", "item_type": "Sigil", "icon_file": "choices/Icon_AR_Sigil_G4_001_b7RRbS3.png", "enchant_level": 0, "grade": "", "slot": "", "attack_power": 0, "defense_power": 0}}, {"model": "items.item", "pk": 1042, "fields": {"name": "Blue (other) and lower", "item_type": "Other", "icon_file": "choices/вопрос_PiWb3ob.png", "enchant_level": 0, "grade": "", "slot": "", "attack_power": 0, "defense_power": 0}}, {"model": "items.item", "pk": 1043, "fields": {"name": "Susceptor's Heart +0", "item_type": "Sigil", "icon_file": "choices/Icon_AR_Sigil_G3_001.png", "enchant_level": 0, "grade": "", "slot": "", "attack_power": 0, "defense_power": 0}}, {"model": "items.item", "pk": 1044, "fields": {"name": "Susceptor's Heart +1-3", "item_type": "Sigil", "icon_file": "choices/Icon_AR_Sigil_G3_001_ZdLf7Rk.png", "enchant_level": 0, "grade": "", "slot": "", "attack_power": 0, "defense_power": 0}}, {"model": "items.item", "pk": 1045, "fields": {"name": "Susceptor's Heart +4+", "item_type": "Sigil", "icon_file": "choices/Icon_AR_Sigil_G3_001_cjGV7fS.png", "enchant_level": 0, "grade": "", "slot": "", "attack_power": 0, "defense_power": 0}}, {"model": "items.item", "pk": 1046, "fields": {"name": "Paradia's Sigil +0", "item_type": "Sigil", "icon_file": "choices/Icon_AR_Sigil_G3_002.png", "enchant_level": 0, "grade": "", "slot": "", "attack_power": 0, "defense_power": 0}}, {"model": "items.item", "pk": 1047, "fields": {"name": "Paradia's Sigil +1-3", "item_type": "Sigil", "icon_file": "choices/Icon_AR_Sigil_G3_002_3svNdEv.png", "enchant_level": 0, "grade": "", "slot": "", "attack_power": 0, "defense_power": 0}}, {"model": "items.item", "pk": 1048, "fields": {"name": "Paradia's Sigil +4+", "item_type": "Sigil", "icon_file": "choices/Icon_AR_Sigil_G3_002_gm3pIHV.png", "enchant_level": 0, "grade": "", "slot": "", "attack_power": 0, "defense_power": 0}}, {"model": "items.item", "pk": 1049, "fields": {"name": "Cruma's Shell +0", "item_type": "Sigil", "icon_file": "choices/Icon_AR_Sigil_G3_003.png", "enchant_level": 0, "grade": "", "slot": "", "attack_power": 0, "defense_power": 0}}, {"model": "items.item", "pk": 1050, "fields": {"name": "Cruma's Shell +1-3", "item_type": "Sigil", "icon_file": "choices/Icon_AR_Sigil_G3_003_6G2vZML.png", "enchant_level": 0, "grade": "", "slot": "", "attack_power": 0, "defense_power": 0}}, {"model": "items.item", "pk": 1051, "fields": {"name": "Cruma's Shell +4+", "item_type": "Sigil", "icon_file": "choices/Icon_AR_Sigil_G3_003_p0QF4DL.png", "enchant_level": 0, "grade": "", "slot": "", "attack_power": 0, "defense_power": 0}}, {"model": "items.item", "pk": 1052, "fields": {"name": "Sigil of Flames +0", "item_type": "Sigil", "icon_file": "choices/Icon_AR_Sigil_G3_004.png", "enchant_level": 0, "grade": "", "slot": "", "attack_power": 0, "defense_power": 0}}, {"model": "items.item", "pk": 1053, "fields": {"name": "Sigil of Flames +1-3", "item_type": "Sigil", "icon_file": "choices/Icon_AR_Sigil_G3_004_8shuYnY.png", "enchant_level": 0, "grade": "", "slot": "", "attack_power": 0, "defense_power": 0}}, {"model": "items.item", "pk": 1054, "fields": {"name": "Sigil of Flames +4+", "item_type": "Sigil", "icon_file": "choices/Icon_AR_Sigil_G3_004_s6eH0wI.png", "enchant_level": 0, "grade": "", "slot": "", "attack_power": 0, "defense_power": 0}}, {"model": "items.item", "pk": 1055, "fields": {"name": "Jaeger's Sigil +0", "item_type": "Sigil", "icon_file": "choices/Icon_AR_Sigil_G3_005.png", "enchant_level": 0, "grade": "", "slot": "", "attack_power": 0, "defense_power": 0}}, {"model": "items.item", "pk": 1056, "fields": {"name": "Jaeger's Sigil +1-3", "item_type": "Sigil", "icon_file": "choices/Icon_AR_Sigil_G3_005_a4GBCoO.png", "enchant_level": 0, "grade": "", "slot": "", "attack_power": 0, "defense_power": 0}}, {"model": "items.item", "pk": 1057, "fields": {"name": "Jaeger's Sigil +4+", "item_type": "Sigil", "icon_file": "choices/Icon_AR_Sigil_G3_005_uO92b9h.png", "enchant_level": 0, "grade": "", "slot": "", "attack_power": 0, "defense_power": 0}}, {"model": "items.item", "pk": 1058, "fields": {"name": "Selihoden's Horn +0", "item_type": "Sigil", "icon_file": "choices/Icon_AR_Sigil_G3_006.png", "enchant_level": 0, "grade": "", "slot": "", "attack_power": 0, "defense_power": 0}}, {"model": "items.item", "pk": 1059, "fields": {"name": "Selihoden's Horn +1-3", "item_type": "Sigil", "icon_file": "choices/Icon_AR_Sigil_G3_006_EsorO1X.png", "enchant_level": 0, "grade": "", "slot": "", "attack_power": 0, "defense_power": 0}}, {"model": "items.item", "pk": 1060, "fields": {"name": "Selihoden's Horn +4+", "item_type": "Sigil", "icon_file": "choices/Icon_AR_Sigil_G3_006_pXmzZJX.png", "enchant_level": 0, "grade": "", "slot": "", "attack_power": 0, "defense_power": 0}}, {"model": "items.item", "pk": 1061, "fields": {"name": "Tear of Darkness", "item_type": "Other", "icon_file": "choices/Icon_AR_Sigil_G2_001.png", "enchant_level": 0, "grade": "", "slot": "", "attack_power": 0, "defense_power": 0}}, {"model": "items.item", "pk": 1062, "fields": {"name": "Draconic Sigil", "item_type": "Sigil", "icon_file": "choices/Icon_AR_Sigil_G2_002.png", "enchant_level": 0, "grade": "", "slot": "", "attack_power": 0, "defense_power": 0}}, {"model": "items.item", "pk": 1063, "fields": {"name": "Arcana Sigil", "item_type": "Sigil", "icon_file": "choices/Icon_AR_Sigil_G2_003.png", "enchant_level": 0, "grade": "", "slot": "", "attack_power": 0, "defense_power": 0}}, {"model": "items.item", "pk": 1064, "fields": {"name": "Blue necklace +3-4", "item_type": "Necklace", "icon_file": "choices/Icon_ACC_Necklace_G4_007.png", "enchant_level": 0, "grade": "", "slot": "", "attack_power": 0, "defense_power": 0}}, {"model": "items.item", "pk": 1065, "fields": {"name": "Blue necklace +5+", "item_type": "Necklace", "icon_file": "choices/Icon_ACC_Necklace_G4_007_OUFSufM.png", "enchant_level": 0, "grade": "", "slot": "", "attack_power": 0, "defense_power": 0}}, {"model": "items.item", "pk": 1066, "fields": {"name": "Necklace of Immortality +0", "item_type": "Necklace", "icon_file": "choices/Icon_ACC_Necklace_G3_001.png", "enchant_level": 0, "grade": "", "slot": "", "attack_power": 0, "defense_power": 0}}, {"model": "items.item", "pk": 1067, "fields": {"name": "Necklace of Immortality +1-3", "item_type": "Necklace", "icon_file": "choices/Icon_ACC_Necklace_G3_001_lAVquC3.png", "enchant_level": 0, "grade": "", "slot": "", "attack_power": 0, "defense_power": 0}}, {"model": "items.item", "pk": 1068, "fields": {"name": "Necklace of Immortality +4+", "item_type": "Necklace", "icon_file": "choices/Icon_ACC_Necklace_G3_001_tZ9U10V.png", "enchant_level": 0, "grade": "", "slot": "", "attack_power": 0, "defense_power": 0}}, {"model": "items.item", "pk": 1069, "fields": {"name": "Lilith's Soul Necklace +0", "item_type": "Necklace", "icon_file": "choices/Icon_ACC_Necklace_G3_002.png", "enchant_level": 0, "grade": "", "slot": "", "attack_power": 0, "defense_power": 0}}, {"model": "items.item", "pk": 1070, "fields": {"name": "Lilith's Soul Necklace +1-3", "item_type": "Necklace", "icon_file": "choices/Icon_ACC_Necklace_G3_002_OS11uSl.png", "enchant_level": 0, "grade": "", "slot": "", "attack_power": 0, "defense_power": 0}}, {"model": "items.item", "pk": 1071, "fields": {"name": "Lilith's Soul Necklace +4+", "item_type": "Necklace", "icon_file": "choices/Icon_ACC_Necklace_G3_002_XWs1dCe.png", "enchant_level": 0, "grade": "", "slot": "", "attack_power": 0, "defense_power": 0}}, {"model": "items.item", "pk": 1072, "fields": {"name": "Anakeem's Soul Necklace +0", "item_type": "Necklace", "icon_file": "choices/Icon_ACC_Necklace_G3_002.png", "enchant_level": 0, "grade": "", "slot": "", "attack_power": 0, "defense_power": 0}}, {"model": "items.item", "pk": 1073, "fields": {"name": "Anakeem's Soul Necklace +1-3", "item_type": "Necklace", "icon_file": "choices/Icon_ACC_Necklace_G3_002_OS11uSl.png", "enchant_level": 0, "grade": "", "slot": "", "attack_power": 0, "defense_power": 0}}, {"model": "items.item", "pk": 1074, "fields": {"name": "Anakeem's Soul Necklace +4+", "item_type": "Necklace", "icon_file": "choices/Icon_ACC_Necklace_G3_002_XWs1dCe.png", "enchant_level": 0, "grade": "", "slot": "", "attack_power": 0, "defense_power": 0}}, {"model": "items.item", "pk": 1075, "fields": {"name": "Necklace of Valakas +0", "item_type": "Necklace", "icon_file": "choices/Icon_ACC_Necklace_G3_003.png", "enchant_level": 0, "grade": "", "slot": "", "attack_power": 0, "defense_power": 0}}, {"model": "items.item", "pk": 1076, "fields": {"name": "Necklace of Valakas +1-3", "item_type": "Necklace", "icon_file": "choices/Icon_ACC_Necklace_G3_003_REExzLz.png", "enchant_level": 0, "grade": "", "slot": "", "attack_power": 0, "defense_power": 0}}, {"model": "items.item", "pk": 1077, "fields": {"name": "Necklace of Valakas +4+", "item_type": "Necklace", "icon_file": "choices/Icon_ACC_Necklace_G3_003_wD01uUH.png", "enchant_level": 0, "grade": "", "slot": "", "attack_power": 0, "defense_power": 0}}, {"model": "items.item", "pk": 1078, "fields": {"name": "Valakas' Necklace +0", "item_type": "Necklace", "icon_file": "choices/Icon_ACC_Necklace_G3_003.png", "enchant_level": 0, "grade": "", "slot": "", "attack_power": 0, "defense_power": 0}}, {"model": "items.item", "pk": 1079, "fields": {"name": "Frintezza's Necklace +0", "item_type": "Necklace", "icon_file": "choices/Icon_ACC_Necklace_G3_004.png", "enchant_level": 0, "grade": "", "slot": "", "attack_power": 0, "defense_power": 0}}, {"model": "items.item", "pk": 1080, "fields": {"name": "Frintezza's Necklace +1-3", "item_type": "Necklace", "icon_file": "choices/Icon_ACC_Necklace_G3_004_FiVflic.png", "enchant_level": 0, "grade": "", "slot": "", "attack_power": 0, "defense_power": 0}}, {"model": "items.item", "pk": 1081, "fields": {"name": "Frintezza's Necklace +4+", "item_type": "Necklace", "icon_file": "choices/Icon_ACC_Necklace_G3_004_e28xJ1h.png", "enchant_level": 0, "grade": "", "slot": "", "attack_power": 0, "defense_power": 0}}, {"model": "items.item", "pk": 1082, "fields": {"name": "Necklace of Hrunting +0", "item_type": "Necklace", "icon_file": "choices/Icon_ACC_Necklace_G3_005.png", "enchant_level": 0, "grade": "", "slot": "", "attack_power": 0, "defense_power": 0}}, {"model": "items.item", "pk": 1083, "fields": {"name": "Necklace of Hrunting +1-3", "item_type": "Necklace", "icon_file": "choices/Icon_ACC_Necklace_G3_005_b99XXwc.png", "enchant_level": 0, "grade": "", "slot": "", "attack_power": 0, "defense_power": 0}}, {"model": "items.item", "pk": 1084, "fields": {"name": "Necklace of Hrunting +4+", "item_type": "Necklace", "icon_file": "choices/Icon_ACC_Necklace_G3_005_oiY0FLh.png", "enchant_level": 0, "grade": "", "slot": "", "attack_power": 0, "defense_power": 0}}, {"model": "items.item", "pk": 1085, "fields": {"name": "Antharas' Necklace +0", "item_type": "Necklace", "icon_file": "choices/Icon_ACC_Necklace_G3_006.png", "enchant_level": 0, "grade": "", "slot": "", "attack_power": 0, "defense_power": 0}}, {"model": "items.item", "pk": 1086, "fields": {"name": "Antharas' Necklace +1-3", "item_type": "Necklace", "icon_file": "choices/Icon_ACC_Necklace_G3_006_0S0wnA6.png", "enchant_level": 0, "grade": "", "slot": "", "attack_power": 0, "defense_power": 0}}, {"model": "items.item", "pk": 1087, "fields": {"name": "Antharas' Necklace +4+", "item_type": "Necklace", "icon_file": "choices/Icon_ACC_Necklace_G3_006_iaZMJWj.png", "enchant_level": 0, "grade": "", "slot": "", "attack_power": 0, "defense_power": 0}}, {"model": "items.item", "pk": 1088, "fields": {"name": "Antharas Necklace +0", "item_type": "Necklace", "icon_file": "choices/Icon_ACC_Necklace_G3_006.png", "enchant_level": 0, "grade": "", "slot": "", "attack_power": 0, "defense_power": 0}}, {"model": "items.item", "pk": 1089, "fields": {"name": "Blessed Antharas' Necklace +0", "item_type": "Necklace", "icon_file": "choices/Icon_ACC_Necklace_G3_007.png", "enchant_level": 0, "grade": "", "slot": "", "attack_power": 0, "defense_power": 0}}, {"model": "items.item", "pk": 1090, "fields": {"name": "Blessed Antharas' Necklace +1-3", "item_type": "Necklace", "icon_file": "choices/Icon_ACC_Necklace_G3_007_G5dCVLh.png", "enchant_level": 0, "grade": "", "slot": "", "attack_power": 0, "defense_power": 0}}, {"model": "items.item", "pk": 1091, "fields": {"name": "Blessed Antharas' Necklace +4+", "item_type": "Necklace", "icon_file": "choices/Icon_ACC_Necklace_G3_007_TA6r7zT.png", "enchant_level": 0, "grade": "", "slot": "", "attack_power": 0, "defense_power": 0}}, {"model": "items.item", "pk": 1092, "fields": {"name": "Baium's Necklace +0", "item_type": "Necklace", "icon_file": "choices/Icon_ACC_Necklace_G3_001.png", "enchant_level": 0, "grade": "", "slot": "", "attack_power": 0, "defense_power": 0}}, {"model": "items.item", "pk": 1093, "fields": {"name": "Baium's Necklace +1-3", "item_type": "Necklace", "icon_file": "choices/Icon_ACC_Necklace_G3_001_lAVquC3.png", "enchant_level": 0, "grade": "", "slot": "", "attack_power": 0, "defense_power": 0}}, {"model": "items.item", "pk": 1094, "fields": {"name": "Baium's Necklace +4+", "item_type": "Necklace", "icon_file": "choices/Icon_ACC_Necklace_G3_001_tZ9U10V.png", "enchant_level": 0, "grade": "", "slot": "", "attack_power": 0, "defense_power": 0}}, {"model": "items.item", "pk": 1095, "fields": {"name": "Zaken's Necklace +0", "item_type": "Necklace", "icon_file": "choices/Icon_ACC_Necklace_G3_004.png", "enchant_level": 0, "grade": "", "slot": "", "attack_power": 0, "defense_power": 0}}, {"model": "items.item", "pk": 1096, "fields": {"name": "Zaken's Necklace +1-3", "item_type": "Necklace", "icon_file": "choices/Icon_ACC_Necklace_G3_004_FiVflic.png", "enchant_level": 0, "grade": "", "slot": "", "attack_power": 0, "defense_power": 0}}, {"model": "items.item", "pk": 1097, "fields": {"name": "Zaken's Necklace +4+", "item_type": "Necklace", "icon_file": "choices/Icon_ACC_Necklace_G3_004_e28xJ1h.png", "enchant_level": 0, "grade": "", "slot": "", "attack_power": 0, "defense_power": 0}}, {"model": "items.item", "pk": 1098, "fields": {"name": "Orfen's Necklace +0", "item_type": "Necklace", "icon_file": "choices/Icon_ACC_Necklace_G2_002.png", "enchant_level": 0, "grade": "", "slot": "", "attack_power": 0, "defense_power": 0}}, {"model": "items.item", "pk": 1099, "fields": {"name": "Orfen's Necklace +1-3", "item_type": "Necklace", "icon_file": "choices/Icon_ACC_Necklace_G2_002.png", "enchant_level": 0, "grade": "", "slot": "", "attack_power": 0, "defense_power": 0}}, {"model": "items.item", "pk": 1100, "fields": {"name": "Orfen's Necklace +4+", "item_type": "Necklace", "icon_file": "choices/Icon_ACC_Necklace_G2_002.png", "enchant_level": 0, "grade": "", "slot": "", "attack_power": 0, "defense_power": 0}}, {"model": "items.item", "pk": 1101, "fields": {"name": "Majestic Necklace +0", "item_type": "Necklace", "icon_file": "choices/Icon_ACC_Necklace_G3_001.png", "enchant_level": 0, "grade": "", "slot": "", "attack_power": 0, "defense_power": 0}}, {"model": "items.item", "pk": 1102, "fields": {"name": "Majestic Necklace +1-3", "item_type": "Necklace", "icon_file": "choices/Icon_ACC_Necklace_G3_001_lAVquC3.png", "enchant_level": 0, "grade": "", "slot": "", "attack_power": 0, "defense_power": 0}}, {"model": "items.item", "pk": 1103, "fields": {"name": "Majestic Necklace +4+", "item_type": "Necklace", "icon_file": "choices/Icon_ACC_Necklace_G3_001_tZ9U10V.png", "enchant_level": 0, "grade": "", "slot": "", "attack_power": 0, "defense_power": 0}}, {"model": "items.item", "pk": 1104, "fields": {"name": "Apella Necklace +0", "item_type": "Necklace", "icon_file": "choices/Icon_ACC_Necklace_G3_001.png", "enchant_level": 0, "grade": "", "slot": "", "attack_power": 0, "defense_power": 0}}, {"model": "items.item", "pk": 1105, "fields": {"name": "Apella Necklace +1-3", "item_type": "Necklace", "icon_file": "choices/Icon_ACC_Necklace_G3_001_lAVquC3.png", "enchant_level": 0, "grade": "", "slot": "", "attack_power": 0, "defense_power": 0}}, {"model": "items.item", "pk": 1106, "fields": {"name": "Apella Necklace +4+", "item_type": "Necklace", "icon_file": "choices/Icon_ACC_Necklace_G3_001_tZ9U10V.png", "enchant_level": 0, "grade": "", "slot": "", "attack_power": 0, "defense_power": 0}}, {"model": "items.item", "pk": 1107, "fields": {"name": "Lindvior's Necklace +0", "item_type": "Necklace", "icon_file": "choices/Icon_ACC_Necklace_G3_006.png", "enchant_level": 0, "grade": "", "slot": "", "attack_power": 0, "defense_power": 0}}, {"model": "items.item", "pk": 1108, "fields": {"name": "Archmage Necklace +0", "item_type": "Necklace", "icon_file": "choices/Icon_ACC_Necklace_G3_001.png", "enchant_level": 0, "grade": "", "slot": "", "attack_power": 0, "defense_power": 0}}, {"model": "items.item", "pk": 1109, "fields": {"name": "Queen Ant's Souled Necklace", "item_type": "Necklace", "icon_file": "choices/Icon_ACC_Necklace_G2_001.png", "enchant_level": 0, "grade": "", "slot": "", "attack_power": 0, "defense_power": 0}}, {"model": "items.item", "pk": 1110, "fields": {"name": "Orfen's Necklace", "item_type": "Necklace", "icon_file": "choices/Icon_ACC_Necklace_G2_002.png", "enchant_level": 0, "grade": "", "slot": "", "attack_power": 0, "defense_power": 0}}, {"model": "items.item", "pk": 1111, "fields": {"name": "Core's Necklace", "item_type": "Necklace", "icon_file": "choices/Icon_ACC_Necklace_G2_003.png", "enchant_level": 0, "grade": "", "slot": "", "attack_power": 0, "defense_power": 0}}, {"model": "items.item", "pk": 1112, "fields": {"name": "Blessed Valakas' Necklace", "item_type": "Necklace", "icon_file": "choices/Icon_ACC_Necklace_G2_004.png", "enchant_level": 0, "grade": "", "slot": "", "attack_power": 0, "defense_power": 0}}, {"model": "items.item", "pk": 1113, "fields": {"name": "Blue ring +3-4", "item_type": "Ring", "icon_file": "choices/Icon_ACC_Ring_G4_010.png", "enchant_level": 0, "grade": "", "slot": "", "attack_power": 0, "defense_power": 0}}, {"model": "items.item", "pk": 1114, "fields": {"name": "Blue ring +5+", "item_type": "Ring", "icon_file": "choices/Icon_ACC_Ring_G4_010_iKhk3KB.png", "enchant_level": 0, "grade": "", "slot": "", "attack_power": 0, "defense_power": 0}}, {"model": "items.item", "pk": 1115, "fields": {"name": "Ring of Blessing +3+", "item_type": "Ring", "icon_file": "choices/Icon_ACC_Ring_G4_010.png", "enchant_level": 0, "grade": "", "slot": "", "attack_power": 0, "defense_power": 0}}, {"model": "items.item", "pk": 1116, "fields": {"name": "Ring of Baium +0", "item_type": "Ring", "icon_file": "choices/Icon_ACC_Ring_G3_001.png", "enchant_level": 0, "grade": "", "slot": "", "attack_power": 0, "defense_power": 0}}, {"model": "items.item", "pk": 1117, "fields": {"name": "Ring of Baium +1-3", "item_type": "Ring", "icon_file": "choices/Icon_ACC_Ring_G3_001_8kwlekG.png", "enchant_level": 0, "grade": "", "slot": "", "attack_power": 0, "defense_power": 0}}, {"model": "items.item", "pk": 1118, "fields": {"name": "Ring of Baium +4+", "item_type": "Ring", "icon_file": "choices/Icon_ACC_Ring_G3_001_KZGqaKy.png", "enchant_level": 0, "grade": "", "slot": "", "attack_power": 0, "defense_power": 0}}, {"model": "items.item", "pk": 1119, "fields": {"name": "Baium's Ring +0", "item_type": "Ring", "icon_file": "choices/Icon_ACC_Ring_G3_001.png", "enchant_level": 0, "grade": "", "slot": "", "attack_power": 0, "defense_power": 0}}, {"model": "items.item", "pk": 1120, "fields": {"name": "Baium's Ring +1-3", "item_type": "Ring", "icon_file": "choices/Icon_ACC_Ring_G3_001_8kwlekG.png", "enchant_level": 0, "grade": "", "slot": "", "attack_power": 0, "defense_power": 0}}, {"model": "items.item", "pk": 1121, "fields": {"name": "Baium's Ring +4+", "item_type": "Ring", "icon_file": "choices/Icon_ACC_Ring_G3_001_KZGqaKy.png", "enchant_level": 0, "grade": "", "slot": "", "attack_power": 0, "defense_power": 0}}, {"model": "items.item", "pk": 1122, "fields": {"name": "Antharas' Ring +0", "item_type": "Ring", "icon_file": "choices/Icon_ACC_Ring_G3_002.png", "enchant_level": 0, "grade": "", "slot": "", "attack_power": 0, "defense_power": 0}}, {"model": "items.item", "pk": 1123, "fields": {"name": "Antharas' Ring +1-3", "item_type": "Ring", "icon_file": "choices/Icon_ACC_Ring_G3_002_0NZX3nn.png", "enchant_level": 0, "grade": "", "slot": "", "attack_power": 0, "defense_power": 0}}, {"model": "items.item", "pk": 1124, "fields": {"name": "Antharas' Ring +4+", "item_type": "Ring", "icon_file": "choices/Icon_ACC_Ring_G3_002_Lb8Ne6y.png", "enchant_level": 0, "grade": "", "slot": "", "attack_power": 0, "defense_power": 0}}, {"model": "items.item", "pk": 1125, "fields": {"name": "Frintezza's Ring +0", "item_type": "Ring", "icon_file": "choices/Icon_ACC_Ring_G3_003.png", "enchant_level": 0, "grade": "", "slot": "", "attack_power": 0, "defense_power": 0}}, {"model": "items.item", "pk": 1126, "fields": {"name": "Frintezza's Ring +1-3", "item_type": "Ring", "icon_file": "choices/Icon_ACC_Ring_G3_003_65NYCI3.png", "enchant_level": 0, "grade": "", "slot": "", "attack_power": 0, "defense_power": 0}}, {"model": "items.item", "pk": 1127, "fields": {"name": "Frintezza's Ring +4+", "item_type": "Ring", "icon_file": "choices/Icon_ACC_Ring_G3_003_9N9N6dn.png", "enchant_level": 0, "grade": "", "slot": "", "attack_power": 0, "defense_power": 0}}, {"model": "items.item", "pk": 1128, "fields": {"name": "Queen Ant's Ring +0", "item_type": "Ring", "icon_file": "choices/Icon_ACC_Ring_G3_004.png", "enchant_level": 0, "grade": "", "slot": "", "attack_power": 0, "defense_power": 0}}, {"model": "items.item", "pk": 1129, "fields": {"name": "Queen Ant's Ring +1-3", "item_type": "Ring", "icon_file": "choices/Icon_ACC_Ring_G3_004_9WdXrdt.png", "enchant_level": 0, "grade": "", "slot": "", "attack_power": 0, "defense_power": 0}}, {"model": "items.item", "pk": 1130, "fields": {"name": "Queen Ant's Ring +4+", "item_type": "Ring", "icon_file": "choices/Icon_ACC_Ring_G3_004_aOaKpsn.png", "enchant_level": 0, "grade": "", "slot": "", "attack_power": 0, "defense_power": 0}}, {"model": "items.item", "pk": 1131, "fields": {"name": "Ring of Core +0", "item_type": "Ring", "icon_file": "choices/Icon_ACC_Ring_G3_005.png", "enchant_level": 0, "grade": "", "slot": "", "attack_power": 0, "defense_power": 0}}, {"model": "items.item", "pk": 1132, "fields": {"name": "Ring of Core +1-3", "item_type": "Ring", "icon_file": "choices/Icon_ACC_Ring_G3_005_A63H9uZ.png", "enchant_level": 0, "grade": "", "slot": "", "attack_power": 0, "defense_power": 0}}, {"model": "items.item", "pk": 1133, "fields": {"name": "Ring of Core +4+", "item_type": "Ring", "icon_file": "choices/Icon_ACC_Ring_G3_005_EmbEpH0.png", "enchant_level": 0, "grade": "", "slot": "", "attack_power": 0, "defense_power": 0}}, {"model": "items.item", "pk": 1134, "fields": {"name": "Core Ring +0", "item_type": "Ring", "icon_file": "choices/Icon_ACC_Ring_G3_005.png", "enchant_level": 0, "grade": "", "slot": "", "attack_power": 0, "defense_power": 0}}, {"model": "items.item", "pk": 1135, "fields": {"name": "Core Ring +1-3", "item_type": "Ring", "icon_file": "choices/Icon_ACC_Ring_G3_005_A63H9uZ.png", "enchant_level": 0, "grade": "", "slot": "", "attack_power": 0, "defense_power": 0}}, {"model": "items.item", "pk": 1136, "fields": {"name": "Core Ring +4+", "item_type": "Ring", "icon_file": "choices/Icon_ACC_Ring_G3_005_EmbEpH0.png", "enchant_level": 0, "grade": "", "slot": "", "attack_power": 0, "defense_power": 0}}, {"model": "items.item", "pk": 1137, "fields": {"name": "Ring of Hrunting +0", "item_type": "Ring", "icon_file": "choices/Icon_ACC_Ring_G3_006.png", "enchant_level": 0, "grade": "", "slot": "", "attack_power": 0, "defense_power": 0}}, {"model": "items.item", "pk": 1138, "fields": {"name": "Ring of Hrunting +1-3", "item_type": "Ring", "icon_file": "choices/Icon_ACC_Ring_G3_006_AlrIaxF.png", "enchant_level": 0, "grade": "", "slot": "", "attack_power": 0, "defense_power": 0}}, {"model": "items.item", "pk": 1139, "fields": {"name": "Ring of Hrunting +4+", "item_type": "Ring", "icon_file": "choices/Icon_ACC_Ring_G3_006_BeR09N3.png", "enchant_level": 0, "grade": "", "slot": "", "attack_power": 0, "defense_power": 0}}, {"model": "items.item", "pk": 1140, "fields": {"name": "Blessed Antharas' Ring +0", "item_type": "Ring", "icon_file": "choices/Icon_ACC_Ring_G3_007.png", "enchant_level": 0, "grade": "", "slot": "", "attack_power": 0, "defense_power": 0}}, {"model": "items.item", "pk": 1141, "fields": {"name": "Blessed Antharas' Ring +1-3", "item_type": "Ring", "icon_file": "choices/Icon_ACC_Ring_G3_007_Jt1mnj3.png", "enchant_level": 0, "grade": "", "slot": "", "attack_power": 0, "defense_power": 0}}, {"model": "items.item", "pk": 1142, "fields": {"name": "Blessed Antharas' Ring +4+", "item_type": "Ring", "icon_file": "choices/Icon_ACC_Ring_G3_007_ckB2Fpj.png", "enchant_level": 0, "grade": "", "slot": "", "attack_power": 0, "defense_power": 0}}, {"model": "items.item", "pk": 1143, "fields": {"name": "Ring of Insolence +0", "item_type": "Ring", "icon_file": "choices/Icon_ACC_Ring_G3_008.png", "enchant_level": 0, "grade": "", "slot": "", "attack_power": 0, "defense_power": 0}}, {"model": "items.item", "pk": 1144, "fields": {"name": "Ring of Insolence +1-3", "item_type": "Ring", "icon_file": "choices/Icon_ACC_Ring_G3_008_1BUxW3v.png", "enchant_level": 0, "grade": "", "slot": "", "attack_power": 0, "defense_power": 0}}, {"model": "items.item", "pk": 1145, "fields": {"name": "Ring of Insolence +4+", "item_type": "Ring", "icon_file": "choices/Icon_ACC_Ring_G3_008_VJyhEoe.png", "enchant_level": 0, "grade": "", "slot": "", "attack_power": 0, "defense_power": 0}}, {"model": "items.item", "pk": 1146, "fields": {"name": "Blessed Baium's Ring +0", "item_type": "Ring", "icon_file": "choices/Icon_ACC_Ring_G3_009.png", "enchant_level": 0, "grade": "", "slot": "", "attack_power": 0, "defense_power": 0}}, {"model": "items.item", "pk": 1147, "fields": {"name": "Blessed Baium's Ring +1-3", "item_type": "Ring", "icon_file": "choices/Icon_ACC_Ring_G3_009_4AN8uSW.png", "enchant_level": 0, "grade": "", "slot": "", "attack_power": 0, "defense_power": 0}}, {"model": "items.item", "pk": 1148, "fields": {"name": "Blessed Baium's Ring +4+", "item_type": "Ring", "icon_file": "choices/Icon_ACC_Ring_G3_009_6xzYOmn.png", "enchant_level": 0, "grade": "", "slot": "", "attack_power": 0, "defense_power": 0}}, {"model": "items.item", "pk": 1149, "fields": {"name": "Lilith's Ring +0", "item_type": "Ring", "icon_file": "choices/Icon_ACC_Ring_G3_003.png", "enchant_level": 0, "grade": "", "slot": "", "attack_power": 0, "defense_power": 0}}, {"model": "items.item", "pk": 1150, "fields": {"name": "Lilith's Ring +1-3", "item_type": "Ring", "icon_file": "choices/Icon_ACC_Ring_G3_003_65NYCI3.png", "enchant_level": 0, "grade": "", "slot": "", "attack_power": 0, "defense_power": 0}}, {"model": "items.item", "pk": 1151, "fields": {"name": "Lilith's Ring +4+", "item_type": "Ring", "icon_file": "choices/Icon_ACC_Ring_G3_003_9N9N6dn.png", "enchant_level": 0, "grade": "", "slot": "", "attack_power": 0, "defense_power": 0}}, {"model": "items.item", "pk": 1152, "fields": {"name": "Anakeem's Ring +0", "item_type": "Ring", "icon_file": "choices/Icon_ACC_Ring_G3_003.png", "enchant_level": 0, "grade": "", "slot": "", "attack_power": 0, "defense_power": 0}}, {"model": "items.item", "pk": 1153, "fields": {"name": "Anakeem's Ring +1-3", "item_type": "Ring", "icon_file": "choices/Icon_ACC_Ring_G3_003_65NYCI3.png", "enchant_level": 0, "grade": "", "slot": "", "attack_power": 0, "defense_power": 0}}, {"model": "items.item", "pk": 1154, "fields": {"name": "Anakeem's Ring +4+", "item_type": "Ring", "icon_file": "choices/Icon_ACC_Ring_G3_003_9N9N6dn.png", "enchant_level": 0, "grade": "", "slot": "", "attack_power": 0, "defense_power": 0}}, {"model": "items.item", "pk": 1155, "fields": {"name": "Vereth's Ring +0", "item_type": "Ring", "icon_file": "choices/Icon_ACC_Ring_G3_006.png", "enchant_level": 0, "grade": "", "slot": "", "attack_power": 0, "defense_power": 0}}, {"model": "items.item", "pk": 1156, "fields": {"name": "Vereth's Ring +1-3", "item_type": "Ring", "icon_file": "choices/Icon_ACC_Ring_G3_006_AlrIaxF.png", "enchant_level": 0, "grade": "", "slot": "", "attack_power": 0, "defense_power": 0}}, {"model": "items.item", "pk": 1157, "fields": {"name": "Vereth's Ring +4+", "item_type": "Ring", "icon_file": "choices/Icon_ACC_Ring_G3_006_BeR09N3.png", "enchant_level": 0, "grade": "", "slot": "", "attack_power": 0, "defense_power": 0}}, {"model": "items.item", "pk": 1158, "fields": {"name": "Ring of Passion +0", "item_type": "Ring", "icon_file": "choices/Icon_ACC_Ring_G3_008.png", "enchant_level": 0, "grade": "", "slot": "", "attack_power": 0, "defense_power": 0}}, {"model": "items.item", "pk": 1159, "fields": {"name": "Ring of Passion +1-3", "item_type": "Ring", "icon_file": "choices/Icon_ACC_Ring_G3_008_1BUxW3v.png", "enchant_level": 0, "grade": "", "slot": "", "attack_power": 0, "defense_power": 0}}, {"model": "items.item", "pk": 1160, "fields": {"name": "Ring of Passion +4+", "item_type": "Ring", "icon_file": "choices/Icon_ACC_Ring_G3_008_VJyhEoe.png", "enchant_level": 0, "grade": "", "slot": "", "attack_power": 0, "defense_power": 0}}, {"model": "items.item", "pk": 1161, "fields": {"name": "Majestic Ring +0", "item_type": "Ring", "icon_file": "choices/Icon_ACC_Ring_G3_001.png", "enchant_level": 0, "grade": "", "slot": "", "attack_power": 0, "defense_power": 0}}, {"model": "items.item", "pk": 1162, "fields": {"name": "Majestic Ring +1-3", "item_type": "Ring", "icon_file": "choices/Icon_ACC_Ring_G3_001_8kwlekG.png", "enchant_level": 0, "grade": "", "slot": "", "attack_power": 0, "defense_power": 0}}, {"model": "items.item", "pk": 1163, "fields": {"name": "Majestic Ring +4+", "item_type": "Ring", "icon_file": "choices/Icon_ACC_Ring_G3_001_KZGqaKy.png", "enchant_level": 0, "grade": "", "slot": "", "attack_power": 0, "defense_power": 0}}, {"model": "items.item", "pk": 1164, "fields": {"name": "Forgotten Hero's Ring +0", "item_type": "Ring", "icon_file": "choices/Icon_ACC_Ring_G3_009.png", "enchant_level": 0, "grade": "", "slot": "", "attack_power": 0, "defense_power": 0}}, {"model": "items.item", "pk": 1165, "fields": {"name": "Forgotten Hero's Ring +1-3", "item_type": "Ring", "icon_file": "choices/Icon_ACC_Ring_G3_009_4AN8uSW.png", "enchant_level": 0, "grade": "", "slot": "", "attack_power": 0, "defense_power": 0}}, {"model": "items.item", "pk": 1166, "fields": {"name": "Forgotten Hero's Ring +4+", "item_type": "Ring", "icon_file": "choices/Icon_ACC_Ring_G3_009_6xzYOmn.png", "enchant_level": 0, "grade": "", "slot": "", "attack_power": 0, "defense_power": 0}}, {"model": "items.item", "pk": 1167, "fields": {"name": "Desperion's Ring", "item_type": "Ring", "icon_file": "choices/Icon_ACC_Ring_G2_001.png", "enchant_level": 0, "grade": "", "slot": "", "attack_power": 0, "defense_power": 0}}, {"model": "items.item", "pk": 1168, "fields": {"name": "Ring of Orfen", "item_type": "Ring", "icon_file": "choices/Icon_ACC_Ring_G2_001.png", "enchant_level": 0, "grade": "", "slot": "", "attack_power": 0, "defense_power": 0}}, {"model": "items.item", "pk": 1169, "fields": {"name": "Blue +3-4", "item_type": "Other", "icon_file": "choices/Icon_ACC_Belt_G3_004.png", "enchant_level": 0, "grade": "", "slot": "", "attack_power": 0, "defense_power": 0}}, {"model": "items.item", "pk": 1170, "fields": {"name": "Blue +5+", "item_type": "Other", "icon_file": "choices/Icon_ACC_Belt_G3_004_7MqECuK.png", "enchant_level": 0, "grade": "", "slot": "", "attack_power": 0, "defense_power": 0}}, {"model": "items.item", "pk": 1171, "fields": {"name": "Blue belt +3-4", "item_type": "Belt", "icon_file": "choices/Icon_ACC_Belt_G3_004.png", "enchant_level": 0, "grade": "", "slot": "", "attack_power": 0, "defense_power": 0}}, {"model": "items.item", "pk": 1172, "fields": {"name": "Blue belt +5+", "item_type": "Belt", "icon_file": "choices/Icon_ACC_Belt_G3_004_7MqECuK.png", "enchant_level": 0, "grade": "", "slot": "", "attack_power": 0, "defense_power": 0}}, {"model": "items.item", "pk": 1173, "fields": {"name": "Anakim's Belt +0", "item_type": "Belt", "icon_file": "choices/Icon_ACC_Belt_G3_001.png", "enchant_level": 0, "grade": "", "slot": "", "attack_power": 0, "defense_power": 0}}, {"model": "items.item", "pk": 1174, "fields": {"name": "Anakim's Belt +1-3", "item_type": "Belt", "icon_file": "choices/Icon_ACC_Belt_G3_001_GxLx0Kg.png", "enchant_level": 0, "grade": "", "slot": "", "attack_power": 0, "defense_power": 0}}, {"model": "items.item", "pk": 1175, "fields": {"name": "Anakim's Belt +4+", "item_type": "Belt", "icon_file": "choices/Icon_ACC_Belt_G3_001_mgLa9iS.png", "enchant_level": 0, "grade": "", "slot": "", "attack_power": 0, "defense_power": 0}}, {"model": "items.item", "pk": 1176, "fields": {"name": "Lilith's Belt +0", "item_type": "Belt", "icon_file": "choices/Icon_ACC_Belt_G3_002.png", "enchant_level": 0, "grade": "", "slot": "", "attack_power": 0, "defense_power": 0}}, {"model": "items.item", "pk": 1177, "fields": {"name": "Lilith's Belt +1-3", "item_type": "Belt", "icon_file": "choices/Icon_ACC_Belt_G3_002_KCbTg13.png", "enchant_level": 0, "grade": "", "slot": "", "attack_power": 0, "defense_power": 0}}, {"model": "items.item", "pk": 1178, "fields": {"name": "Lilith's Belt +4+", "item_type": "Belt", "icon_file": "choices/Icon_ACC_Belt_G3_002_qCOwpYC.png", "enchant_level": 0, "grade": "", "slot": "", "attack_power": 0, "defense_power": 0}}, {"model": "items.item", "pk": 1179, "fields": {"name": "Ekimus' Belt +0", "item_type": "Belt", "icon_file": "choices/Icon_ACC_Belt_G3_003.png", "enchant_level": 0, "grade": "", "slot": "", "attack_power": 0, "defense_power": 0}}, {"model": "items.item", "pk": 1180, "fields": {"name": "Ekimus' Belt +1-3", "item_type": "Belt", "icon_file": "choices/Icon_ACC_Belt_G3_003_UHLGN0X.png", "enchant_level": 0, "grade": "", "slot": "", "attack_power": 0, "defense_power": 0}}, {"model": "items.item", "pk": 1181, "fields": {"name": "Ekimus' Belt +4+", "item_type": "Belt", "icon_file": "choices/Icon_ACC_Belt_G3_003_yiEO65W.png", "enchant_level": 0, "grade": "", "slot": "", "attack_power": 0, "defense_power": 0}}, {"model": "items.item", "pk": 1182, "fields": {"name": "Eratone's Belt +0", "item_type": "Belt", "icon_file": "choices/Icon_ACC_Belt_G3_003.png", "enchant_level": 0, "grade": "", "slot": "", "attack_power": 0, "defense_power": 0}}, {"model": "items.item", "pk": 1183, "fields": {"name": "Eratone's Belt +1-3", "item_type": "Belt", "icon_file": "choices/Icon_ACC_Belt_G3_003_UHLGN0X.png", "enchant_level": 0, "grade": "", "slot": "", "attack_power": 0, "defense_power": 0}}, {"model": "items.item", "pk": 1184, "fields": {"name": "Eratone's Belt +4+", "item_type": "Belt", "icon_file": "choices/Icon_ACC_Belt_G3_003_yiEO65W.png", "enchant_level": 0, "grade": "", "slot": "", "attack_power": 0, "defense_power": 0}}, {"model": "items.item", "pk": 1185, "fields": {"name": "Dragon Belt +0", "item_type": "Belt", "icon_file": "choices/Icon_ACC_Belt_G3_001.png", "enchant_level": 0, "grade": "", "slot": "", "attack_power": 0, "defense_power": 0}}, {"model": "items.item", "pk": 1186, "fields": {"name": "Dragon Belt +1-3", "item_type": "Belt", "icon_file": "choices/Icon_ACC_Belt_G3_001_GxLx0Kg.png", "enchant_level": 0, "grade": "", "slot": "", "attack_power": 0, "defense_power": 0}}, {"model": "items.item", "pk": 1187, "fields": {"name": "Dragon Belt +4+", "item_type": "Belt", "icon_file": "choices/Icon_ACC_Belt_G3_001_mgLa9iS.png", "enchant_level": 0, "grade": "", "slot": "", "attack_power": 0, "defense_power": 0}}, {"model": "items.item", "pk": 1188, "fields": {"name": "Tiat's Belt +0", "item_type": "Belt", "icon_file": "choices/Icon_ACC_Belt_G3_002.png", "enchant_level": 0, "grade": "", "slot": "", "attack_power": 0, "defense_power": 0}}, {"model": "items.item", "pk": 1189, "fields": {"name": "Tiat's Belt +1-3", "item_type": "Belt", "icon_file": "choices/Icon_ACC_Belt_G3_002_KCbTg13.png", "enchant_level": 0, "grade": "", "slot": "", "attack_power": 0, "defense_power": 0}}, {"model": "items.item", "pk": 1190, "fields": {"name": "Tiat's Belt +4+", "item_type": "Belt", "icon_file": "choices/Icon_ACC_Belt_G3_002_qCOwpYC.png", "enchant_level": 0, "grade": "", "slot": "", "attack_power": 0, "defense_power": 0}}, {"model": "items.item", "pk": 1191, "fields": {"name": "Lord's Authority", "item_type": "Other", "icon_file": "choices/Icon_ACC_Belt_G2_001.png", "enchant_level": 0, "grade": "", "slot": "", "attack_power": 0, "defense_power": 0}}, {"model": "items.item", "pk": 1192, "fields": {"name": "Maphr's Belt", "item_type": "Belt", "icon_file": "choices/Icon_ACC_Belt_G2_002.png", "enchant_level": 0, "grade": "", "slot": "", "attack_power": 0, "defense_power": 0}}, {"model": "items.item", "pk": 1193, "fields": {"name": "Blue or lower", "item_type": "Other", "icon_file": "choices/вопрос_PiWb3ob.png", "enchant_level": 0, "grade": "", "slot": "", "attack_power": 0, "defense_power": 0}}, {"model": "items.item", "pk": 1194, "fields": {"name": "Cabrio's Hand +7 or lower", "item_type": "Weapon", "icon_file": "choices/Icon_WP_Bow_G3_001.png", "enchant_level": 0, "grade": "", "slot": "", "attack_power": 0, "defense_power": 0}}, {"model": "items.item", "pk": 1195, "fields": {"name": "Cabrio's Hand +8", "item_type": "Weapon", "icon_file": "choices/Icon_WP_Bow_G3_002.png", "enchant_level": 0, "grade": "", "slot": "", "attack_power": 0, "defense_power": 0}}, {"model": "items.item", "pk": 1196, "fields": {"name": "Cabrio's Hand +9", "item_type": "Weapon", "icon_file": "choices/Icon_WP_Bow_G3_003.png", "enchant_level": 0, "grade": "", "slot": "", "attack_power": 0, "defense_power": 0}}, {"model": "items.item", "pk": 1197, "fields": {"name": "Archangel Orb +7 or lower", "item_type": "Weapon", "icon_file": "choices/Icon_WP_Staff_G3_001.png", "enchant_level": 0, "grade": "", "slot": "", "attack_power": 0, "defense_power": 0}}, {"model": "items.item", "pk": 1198, "fields": {"name": "Archangel Orb +8", "item_type": "Weapon", "icon_file": "choices/Icon_WP_Staff_G3_002.png", "enchant_level": 0, "grade": "", "slot": "", "attack_power": 0, "defense_power": 0}}, {"model": "items.item", "pk": 1199, "fields": {"name": "Archangel Orb +9", "item_type": "Weapon", "icon_file": "choices/Icon_WP_Staff_G3_003.png", "enchant_level": 0, "grade": "", "slot": "", "attack_power": 0, "defense_power": 0}}, {"model": "items.item", "pk": 1200, "fields": {"name": "Flaming Dragon Skull +7 or lower", "item_type": "Weapon", "icon_file": "choices/Icon_WP_Staff_G3_004.png", "enchant_level": 0, "grade": "", "slot": "", "attack_power": 0, "defense_power": 0}}, {"model": "items.item", "pk": 1201, "fields": {"name": "Flaming Dragon Skull +8", "item_type": "Weapon", "icon_file": "choices/Icon_WP_Staff_G3_005.png", "enchant_level": 0, "grade": "", "slot": "", "attack_power": 0, "defense_power": 0}}, {"model": "items.item", "pk": 1202, "fields": {"name": "Flaming Dragon Skull +9", "item_type": "Weapon", "icon_file": "choices/Icon_WP_Staff_G2_001.png", "enchant_level": 0, "grade": "", "slot": "", "attack_power": 0, "defense_power": 0}}, {"model": "items.item", "pk": 1203, "fields": {"name": "Spiritual Eye +7 or lower", "item_type": "Other", "icon_file": "choices/Icon_WP_Staff_G3_001.png", "enchant_level": 0, "grade": "", "slot": "", "attack_power": 0, "defense_power": 0}}, {"model": "items.item", "pk": 1204, "fields": {"name": "Spiritual Eye +8", "item_type": "Other", "icon_file": "choices/Icon_WP_Staff_G3_002.png", "enchant_level": 0, "grade": "", "slot": "", "attack_power": 0, "defense_power": 0}}, {"model": "items.item", "pk": 1205, "fields": {"name": "Spiritual Eye +9", "item_type": "Other", "icon_file": "choices/Icon_WP_Staff_G3_003.png", "enchant_level": 0, "grade": "", "slot": "", "attack_power": 0, "defense_power": 0}}, {"model": "items.item", "pk": 1206, "fields": {"name": "Arcana's Orb", "item_type": "Weapon", "icon_file": "choices/Icon_WP_Staff_G2_001.png", "enchant_level": 0, "grade": "", "slot": "", "attack_power": 0, "defense_power": 0}}, {"model": "items.item", "pk": 1221, "fields": {"name": "Akatt Longbow", "item_type": "WEAPON", "icon_file": "items/weapons/bow/Akatt Longbow.png", "enchant_level": 0, "grade": "", "slot": "bow", "attack_power": 0, "defense_power": 0}}, {"model": "items.item", "pk": 1222, "fields": {"name": "Amenance Bow", "item_type": "WEAPON", "icon_file": "items/weapons/bow/Amenance Bow.png", "enchant_level": 0, "grade": "", "slot": "bow", "attack_power": 0, "defense_power": 0}}, {"model": "items.item", "pk": 1223, "fields": {"name": "Archangel Bow", "item_type": "WEAPON", "icon_file": "items/weapons/bow/Archangel Bow.png", "enchant_level": 0, "grade": "", "slot": "bow", "attack_power": 0, "defense_power": 0}}, {"model": "items.item", "pk": 1224, "fields": {"name": "Bow of Oblivion", "item_type": "WEAPON", "icon_file": "items/weapons/bow/Bow of Oblivion.png", "enchant_level": 0, "grade": "", "slot": "bow", "attack_power": 0, "defense_power": 0}}, {"model": "items.item", "pk": 1225, "fields": {"name": "Bow of the Shingung", "item_type": "WEAPON", "icon_file": "items/weapons/bow/Bow of the Shingung.png", "enchant_level": 0, "grade": "", "slot": "bow", "attack_power": 0, "defense_power": 0}}, {"model": "items.item", "pk": 1226, "fields": {"name": "Bow of the Soul", "item_type": "WEAPON", "icon_file": "items/weapons/bow/Bow of the Soul.png", "enchant_level": 0, "grade": "", "slot": "bow", "attack_power": 0, "defense_power": 0}}, {"model": "items.item", "pk": 1227, "fields": {"name": "Carnium Bow", "item_type": "WEAPON", "icon_file": "items/weapons/bow/Carnium Bow.png", "enchant_level": 0, "grade": "", "slot": "bow", "attack_power": 0, "defense_power": 0}}, {"model": "items.item", "pk": 1228, "fields": {"name": "Devils Bow", "item_type": "WEAPON", "icon_file": "items/weapons/bow/Devils Bow.png", "enchant_level": 0, "grade": "", "slot": "bow", "attack_power": 0, "defense_power": 0}}, {"model": "items.item", "pk": 1229, "fields": {"name": "Elemental Bow", "item_type": "WEAPON", "icon_file": "items/weapons/bow/Elemental Bow.png", "enchant_level": 0, "grade": "", "slot": "bow", "attack_power": 0, "defense_power": 0}}, {"model": "items.item", "pk": 1230, "fields": {"name": "Giants Bow", "item_type": "WEAPON", "icon_file": "items/weapons/bow/Giants Bow.png", "enchant_level": 0, "grade": "", "slot": "bow", "attack_power": 0, "defense_power": 0}}, {"model": "items.item", "pk": 1231, "fields": {"name": "Hazard Bow", "item_type": "WEAPON", "icon_file": "items/weapons/bow/Hazard Bow.png", "enchant_level": 0, "grade": "", "slot": "bow", "attack_power": 0, "defense_power": 0}}, {"model": "items.item", "pk": 1232, "fields": {"name": "Ice Crystal Bow", "item_type": "WEAPON", "icon_file": "items/weapons/bow/Ice Crystal Bow.png", "enchant_level": 0, "grade": "", "slot": "bow", "attack_power": 0, "defense_power": 0}}, {"model": "items.item", "pk": 1233, "fields": {"name": "Moonlight Bow", "item_type": "WEAPON", "icon_file": "items/weapons/bow/Moonlight Bow.png", "enchant_level": 0, "grade": "", "slot": "bow", "attack_power": 0, "defense_power": 0}}, {"model": "items.item", "pk": 1234, "fields": {"name": "Plasma Bow", "item_type": "WEAPON", "icon_file": "items/weapons/bow/Plasma Bow.png", "enchant_level": 0, "grade": "", "slot": "bow", "attack_power": 0, "defense_power": 0}}, {"model": "items.item", "pk": 1235, "fields": {"name": "Archangel Staff", "item_type": "WEAPON", "icon_file": "items/weapons/cane/Archangel Staff.png", "enchant_level": 0, "grade": "", "slot": "cane", "attack_power": 0, "defense_power": 0}}, {"model": "items.item", "pk": 1236, "fields": {"name": "Bloody Nebulite", "item_type": "WEAPON", "icon_file": "items/weapons/cane/Bloody Nebulite.png", "enchant_level": 0, "grade": "", "slot": "cane", "attack_power": 0, "defense_power": 0}}, {"model": "items.item", "pk": 1237, "fields": {"name": "Branch of Life", "item_type": "WEAPON", "icon_file": "items/weapons/cane/Branch of Life.png", "enchant_level": 0, "grade": "", "slot": "cane", "attack_power": 0, "defense_power": 0}}, {"model": "items.item", "pk": 1238, "fields": {"name": "Branches of the World Tree", "item_type": "WEAPON", "icon_file": "items/weapons/cane/Branches of the World Tree.png", "enchant_level": 0, "grade": "", "slot": "cane", "attack_power": 0, "defense_power": 0}}, {"model": "items.item", "pk": 1239, "fields": {"name": "Commander Staff", "item_type": "WEAPON", "icon_file": "items/weapons/cane/Commander Staff.png", "enchant_level": 0, "grade": "", "slot": "cane", "attack_power": 0, "defense_power": 0}}, {"model": "items.item", "pk": 1240, "fields": {"name": "Crystal Wand", "item_type": "WEAPON", "icon_file": "items/weapons/cane/Crystal Wand.png", "enchant_level": 0, "grade": "", "slot": "cane", "attack_power": 0, "defense_power": 0}}, {"model": "items.item", "pk": 1241, "fields": {"name": "Dead Man Staff", "item_type": "WEAPON", "icon_file": "items/weapons/cane/Dead Man Staff.png", "enchant_level": 0, "grade": "", "slot": "cane", "attack_power": 0, "defense_power": 0}}, {"model": "items.item", "pk": 1242, "fields": {"name": "Desperion Staff", "item_type": "WEAPON", "icon_file": "items/weapons/cane/Desperion Staff.png", "enchant_level": 0, "grade": "", "slot": "cane", "attack_power": 0, "defense_power": 0}}, {"model": "items.item", "pk": 1243, "fields": {"name": "Ghoul Staff", "item_type": "WEAPON", "icon_file": "items/weapons/cane/Ghoul Staff.png", "enchant_level": 0, "grade": "", "slot": "cane", "attack_power": 0, "defense_power": 0}}, {"model": "items.item", "pk": 1244, "fields": {"name": "Giant Staff", "item_type": "WEAPON", "icon_file": "items/weapons/cane/Giant Staff.png", "enchant_level": 0, "grade": "", "slot": "cane", "attack_power": 0, "defense_power": 0}}, {"model": "items.item", "pk": 1245, "fields": {"name": "Imperial Sttaff", "item_type": "WEAPON", "icon_file": "items/weapons/cane/Imperial Sttaff.png", "enchant_level": 0, "grade": "", "slot": "cane", "attack_power": 0, "defense_power": 0}}, {"model": "items.item", "pk": 1246, "fields": {"name": "Inferno Staff", "item_type": "WEAPON", "icon_file": "items/weapons/cane/Inferno Staff.png", "enchant_level": 0, "grade": "", "slot": "cane", "attack_power": 0, "defense_power": 0}}, {"model": "items.item", "pk": 1247, "fields": {"name": "Spirit Staff", "item_type": "WEAPON", "icon_file": "items/weapons/cane/Spirit Staff.png", "enchant_level": 0, "grade": "", "slot": "cane", "attack_power": 0, "defense_power": 0}}, {"model": "items.item", "pk": 1248, "fields": {"name": "Archangel Chainsword", "item_type": "WEAPON", "icon_file": "items/weapons/chainsword/Archangel Chainsword.png", "enchant_level": 0, "grade": "", "slot": "chainsword", "attack_power": 0, "defense_power": 0}}, {"model": "items.item", "pk": 1249, "fields": {"name": "Barakiel Chainsword", "item_type": "WEAPON", "icon_file": "items/weapons/chainsword/Barakiel Chainsword.png", "enchant_level": 0, "grade": "", "slot": "chainsword", "attack_power": 0, "defense_power": 0}}, {"model": "items.item", "pk": 1250, "fields": {"name": "Berseker Chainsword", "item_type": "WEAPON", "icon_file": "items/weapons/chainsword/Berseker Chainsword.png", "enchant_level": 0, "grade": "", "slot": "chainsword", "attack_power": 0, "defense_power": 0}}, {"model": "items.item", "pk": 1251, "fields": {"name": "Bultgang", "item_type": "WEAPON", "icon_file": "items/weapons/chainsword/Bultgang.png", "enchant_level": 0, "grade": "", "slot": "chainsword", "attack_power": 0, "defense_power": 0}}, {"model": "items.item", "pk": 1252, "fields": {"name": "Chrono Kitara", "item_type": "WEAPON", "icon_file": "items/weapons/chainsword/Chrono Kitara.png", "enchant_level": 0, "grade": "", "slot": "chainsword", "attack_power": 0, "defense_power": 0}}, {"model": "items.item", "pk": 1253, "fields": {"name": "Dismentor", "item_type": "WEAPON", "icon_file": "items/weapons/chainsword/Dismentor.png", "enchant_level": 0, "grade": "", "slot": "chainsword", "attack_power": 0, "defense_power": 0}}, {"model": "items.item", "pk": 1254, "fields": {"name": "Dragon Hunter", "item_type": "WEAPON", "icon_file": "items/weapons/chainsword/Dragon Hunter.png", "enchant_level": 0, "grade": "", "slot": "chainsword", "attack_power": 0, "defense_power": 0}}, {"model": "items.item", "pk": 1255, "fields": {"name": "Gram", "item_type": "WEAPON", "icon_file": "items/weapons/chainsword/Gram.png", "enchant_level": 0, "grade": "", "slot": "chainsword", "attack_power": 0, "defense_power": 0}}, {"model": "items.item", "pk": 1256, "fields": {"name": "Lightning Chainsword", "item_type": "WEAPON", "icon_file": "items/weapons/chainsword/Lightning Chainsword.png", "enchant_level": 0, "grade": "", "slot": "chainsword", "attack_power": 0, "defense_power": 0}}, {"model": "items.item", "pk": 1257, "fields": {"name": "Nameless Victory", "item_type": "WEAPON", "icon_file": "items/weapons/chainsword/Nameless Victory.png", "enchant_level": 0, "grade": "", "slot": "chainsword", "attack_power": 0, "defense_power": 0}}, {"model": "items.item", "pk": 1258, "fields": {"name": "Pain of Gardenness", "item_type": "WEAPON", "icon_file": "items/weapons/chainsword/Pain of Gardenness.png", "enchant_level": 0, "grade": "", "slot": "chainsword", "attack_power": 0, "defense_power": 0}}, {"model": "items.item", "pk": 1259, "fields": {"name": "Schrager", "item_type": "WEAPON", "icon_file": "items/weapons/chainsword/Schrager.png", "enchant_level": 0, "grade": "", "slot": "chainsword", "attack_power": 0, "defense_power": 0}}, {"model": "items.item", "pk": 1260, "fields": {"name": "Alvarest", "item_type": "WEAPON", "icon_file": "items/weapons/crossbow/Alvarest.png", "enchant_level": 0, "grade": "", "slot": "crossbow", "attack_power": 0, "defense_power": 0}}, {"model": "items.item", "pk": 1261, "fields": {"name": "Archangel Crossbow", "item_type": "WEAPON", "icon_file": "items/weapons/crossbow/Archangel Crossbow.png", "enchant_level": 0, "grade": "", "slot": "crossbow", "attack_power": 0, "defense_power": 0}}, {"model": "items.item", "pk": 1262, "fields": {"name": "Ballista", "item_type": "WEAPON", "icon_file": "items/weapons/crossbow/Ballista.png", "enchant_level": 0, "grade": "", "slot": "crossbow", "attack_power": 0, "defense_power": 0}}, {"model": "items.item", "pk": 1263, "fields": {"name": "Burst Avenger", "item_type": "WEAPON", "icon_file": "items/weapons/crossbow/Burst Avenger.png", "enchant_level": 0, "grade": "", "slot": "crossbow", "attack_power": 0, "defense_power": 0}}, {"model": "items.item", "pk": 1264, "fields": {"name": "Crystal Bowgun", "item_type": "WEAPON", "icon_file": "items/weapons/crossbow/Crystal Bowgun.png", "enchant_level": 0, "grade": "", "slot": "crossbow", "attack_power": 0, "defense_power": 0}}, {"model": "items.item", "pk": 1265, "fields": {"name": "Doom Singer", "item_type": "WEAPON", "icon_file": "items/weapons/crossbow/Doom Singer.png", "enchant_level": 0, "grade": "", "slot": "crossbow", "attack_power": 0, "defense_power": 0}}, {"model": "items.item", "pk": 1266, "fields": {"name": "Giant Crossbow", "item_type": "WEAPON", "icon_file": "items/weapons/crossbow/Giant Crossbow.png", "enchant_level": 0, "grade": "", "slot": "crossbow", "attack_power": 0, "defense_power": 0}}, {"model": "items.item", "pk": 1267, "fields": {"name": "Hellhound", "item_type": "WEAPON", "icon_file": "items/weapons/crossbow/Hellhound.png", "enchant_level": 0, "grade": "", "slot": "crossbow", "attack_power": 0, "defense_power": 0}}, {"model": "items.item", "pk": 1268, "fields": {"name": "Peacemaker", "item_type": "WEAPON", "icon_file": "items/weapons/crossbow/Peacemaker.png", "enchant_level": 0, "grade": "", "slot": "crossbow", "attack_power": 0, "defense_power": 0}}, {"model": "items.item", "pk": 1269, "fields": {"name": "Tasram", "item_type": "WEAPON", "icon_file": "items/weapons/crossbow/Tasram.png", "enchant_level": 0, "grade": "", "slot": "crossbow", "attack_power": 0, "defense_power": 0}}, {"model": "items.item", "pk": 1270, "fields": {"name": "Thorn Crossbow", "item_type": "WEAPON", "icon_file": "items/weapons/crossbow/Thorn Crossbow.png", "enchant_level": 0, "grade": "", "slot": "crossbow", "attack_power": 0, "defense_power": 0}}, {"model": "items.item", "pk": 1271, "fields": {"name": "antique crossbow", "item_type": "WEAPON", "icon_file": "items/weapons/crossbow/antique crossbow.png", "enchant_level": 0, "grade": "", "slot": "crossbow", "attack_power": 0, "defense_power": 0}}, {"model": "items.item", "pk": 1272, "fields": {"name": "Archangel Slayer", "item_type": "WEAPON", "icon_file": "items/weapons/dagger/Archangel Slayer.png", "enchant_level": 0, "grade": "", "slot": "dagger", "attack_power": 0, "defense_power": 0}}, {"model": "items.item", "pk": 1273, "fields": {"name": "Blood Orchid", "item_type": "WEAPON", "icon_file": "items/weapons/dagger/Blood Orchid.png", "enchant_level": 0, "grade": "", "slot": "dagger", "attack_power": 0, "defense_power": 0}}, {"model": "items.item", "pk": 1274, "fields": {"name": "Crystal Dagger", "item_type": "WEAPON", "icon_file": "items/weapons/dagger/Crystal Dagger.png", "enchant_level": 0, "grade": "", "slot": "dagger", "attack_power": 0, "defense_power": 0}}, {"model": "items.item", "pk": 1275, "fields": {"name": "Dagger of Contamination", "item_type": "WEAPON", "icon_file": "items/weapons/dagger/Dagger of Contamination.png", "enchant_level": 0, "grade": "", "slot": "dagger", "attack_power": 0, "defense_power": 0}}, {"model": "items.item", "pk": 1276, "fields": {"name": "Dagger of Mana", "item_type": "WEAPON", "icon_file": "items/weapons/dagger/Dagger of Mana.png", "enchant_level": 0, "grade": "", "slot": "dagger", "attack_power": 0, "defense_power": 0}}, {"model": "items.item", "pk": 1277, "fields": {"name": "Devil Dagger", "item_type": "WEAPON", "icon_file": "items/weapons/dagger/Devil Dagger.png", "enchant_level": 0, "grade": "", "slot": "dagger", "attack_power": 0, "defense_power": 0}}, {"model": "items.item", "pk": 1278, "fields": {"name": "Flame Breaker", "item_type": "WEAPON", "icon_file": "items/weapons/dagger/Flame Breaker.png", "enchant_level": 0, "grade": "", "slot": "dagger", "attack_power": 0, "defense_power": 0}}, {"model": "items.item", "pk": 1279, "fields": {"name": "Giant Dagger", "item_type": "WEAPON", "icon_file": "items/weapons/dagger/Giant Dagger.png", "enchant_level": 0, "grade": "", "slot": "dagger", "attack_power": 0, "defense_power": 0}}, {"model": "items.item", "pk": 1280, "fields": {"name": "Hell Knife", "item_type": "WEAPON", "icon_file": "items/weapons/dagger/Hell Knife.png", "enchant_level": 0, "grade": "", "slot": "dagger", "attack_power": 0, "defense_power": 0}}, {"model": "items.item", "pk": 1281, "fields": {"name": "Kruma's Horn", "item_type": "WEAPON", "icon_file": "items/weapons/dagger/Kruma's Horn.png", "enchant_level": 0, "grade": "", "slot": "dagger", "attack_power": 0, "defense_power": 0}}, {"model": "items.item", "pk": 1282, "fields": {"name": "Soul Separator", "item_type": "WEAPON", "icon_file": "items/weapons/dagger/Soul Separator.png", "enchant_level": 0, "grade": "", "slot": "dagger", "attack_power": 0, "defense_power": 0}}, {"model": "items.item", "pk": 1283, "fields": {"name": "chris", "item_type": "WEAPON", "icon_file": "items/weapons/dagger/chris.png", "enchant_level": 0, "grade": "", "slot": "dagger", "attack_power": 0, "defense_power": 0}}, {"model": "items.item", "pk": 1284, "fields": {"name": "stiletto", "item_type": "WEAPON", "icon_file": "items/weapons/dagger/stiletto.png", "enchant_level": 0, "grade": "", "slot": "dagger", "attack_power": 0, "defense_power": 0}}, {"model": "items.item", "pk": 1285, "fields": {"name": "Archangel Twin Axe", "item_type": "WEAPON", "icon_file": "items/weapons/double_axe/Archangel Twin Axe.png", "enchant_level": 0, "grade": "", "slot": "double_axe", "attack_power": 0, "defense_power": 0}}, {"model": "items.item", "pk": 1286, "fields": {"name": "Bloody Angish", "item_type": "WEAPON", "icon_file": "items/weapons/double_axe/Bloody Angish.png", "enchant_level": 0, "grade": "", "slot": "double_axe", "attack_power": 0, "defense_power": 0}}, {"model": "items.item", "pk": 1287, "fields": {"name": "Bloody Cross", "item_type": "WEAPON", "icon_file": "items/weapons/double_axe/Bloody Cross.png", "enchant_level": 0, "grade": "", "slot": "double_axe", "attack_power": 0, "defense_power": 0}}, {"model": "items.item", "pk": 1288, "fields": {"name": "Clarent", "item_type": "WEAPON", "icon_file": "items/weapons/double_axe/Clarent.png", "enchant_level": 0, "grade": "", "slot": "double_axe", "attack_power": 0, "defense_power": 0}}, {"model": "items.item", "pk": 1289, "fields": {"name": "Cursed Twin Axe", "item_type": "WEAPON", "icon_file": "items/weapons/double_axe/Cursed Twin Axe.png", "enchant_level": 0, "grade": "", "slot": "double_axe", "attack_power": 0, "defense_power": 0}}, {"model": "items.item", "pk": 1290, "fields": {"name": "Furious Berserker", "item_type": "WEAPON", "icon_file": "items/weapons/double_axe/Furious Berserker.png", "enchant_level": 0, "grade": "", "slot": "double_axe", "attack_power": 0, "defense_power": 0}}, {"model": "items.item", "pk": 1291, "fields": {"name": "Gallatin", "item_type": "WEAPON", "icon_file": "items/weapons/double_axe/Gallatin.png", "enchant_level": 0, "grade": "", "slot": "double_axe", "attack_power": 0, "defense_power": 0}}, {"model": "items.item", "pk": 1292, "fields": {"name": "Giant's Twin Axes", "item_type": "WEAPON", "icon_file": "items/weapons/double_axe/Giant's Twin Axes.png", "enchant_level": 0, "grade": "", "slot": "double_axe", "attack_power": 0, "defense_power": 0}}, {"model": "items.item", "pk": 1293, "fields": {"name": "Ice Storm Twin Axe", "item_type": "WEAPON", "icon_file": "items/weapons/double_axe/Ice Storm Twin Axe.png", "enchant_level": 0, "grade": "", "slot": "double_axe", "attack_power": 0, "defense_power": 0}}, {"model": "items.item", "pk": 1294, "fields": {"name": "Madness Twin Axe", "item_type": "WEAPON", "icon_file": "items/weapons/double_axe/Madness Twin Axe.png", "enchant_level": 0, "grade": "", "slot": "double_axe", "attack_power": 0, "defense_power": 0}}, {"model": "items.item", "pk": 1295, "fields": {"name": "Meteor Impact", "item_type": "WEAPON", "icon_file": "items/weapons/double_axe/Meteor Impact.png", "enchant_level": 0, "grade": "", "slot": "double_axe", "attack_power": 0, "defense_power": 0}}, {"model": "items.item", "pk": 1296, "fields": {"name": "Warpeak", "item_type": "WEAPON", "icon_file": "items/weapons/double_axe/Warpeak.png", "enchant_level": 0, "grade": "", "slot": "double_axe", "attack_power": 0, "defense_power": 0}}, {"model": "items.item", "pk": 1297, "fields": {"name": "Yaksha Twin Axe", "item_type": "WEAPON", "icon_file": "items/weapons/double_axe/Yaksha Twin Axe.png", "enchant_level": 0, "grade": "", "slot": "double_axe", "attack_power": 0, "defense_power": 0}}, {"model": "items.item", "pk": 1298, "fields": {"name": "Archangel Buster", "item_type": "WEAPON", "icon_file": "items/weapons/greatsword/Archangel Buster.png", "enchant_level": 0, "grade": "", "slot": "greatsword", "attack_power": 0, "defense_power": 0}}, {"model": "items.item", "pk": 1299, "fields": {"name": "Berserker's Greatsword", "item_type": "WEAPON", "icon_file": "items/weapons/greatsword/Berserker's Greatsword.png", "enchant_level": 0, "grade": "", "slot": "greatsword", "attack_power": 0, "defense_power": 0}}, {"model": "items.item", "pk": 1300, "fields": {"name": "Commander's Greatsword", "item_type": "WEAPON", "icon_file": "items/weapons/greatsword/Commander's Greatsword.png", "enchant_level": 0, "grade": "", "slot": "greatsword", "attack_power": 0, "defense_power": 0}}, {"model": "items.item", "pk": 1301, "fields": {"name": "Dragon Slayer", "item_type": "WEAPON", "icon_file": "items/weapons/greatsword/Dragon Slayer.png", "enchant_level": 0, "grade": "", "slot": "greatsword", "attack_power": 0, "defense_power": 0}}, {"model": "items.item", "pk": 1302, "fields": {"name": "First Blood", "item_type": "WEAPON", "icon_file": "items/weapons/greatsword/First Blood.png", "enchant_level": 0, "grade": "", "slot": "greatsword", "attack_power": 0, "defense_power": 0}}, {"model": "items.item", "pk": 1303, "fields": {"name": "Flamberge", "item_type": "WEAPON", "icon_file": "items/weapons/greatsword/Flamberge.png", "enchant_level": 0, "grade": "", "slot": "greatsword", "attack_power": 0, "defense_power": 0}}, {"model": "items.item", "pk": 1304, "fields": {"name": "Guardian's Two-Handed Greatsword", "item_type": "WEAPON", "icon_file": "items/weapons/greatsword/Guardian's Two-Handed Greatsword.png", "enchant_level": 0, "grade": "", "slot": "greatsword", "attack_power": 0, "defense_power": 0}}, {"model": "items.item", "pk": 1305, "fields": {"name": "Heaven's Wingblade", "item_type": "WEAPON", "icon_file": "items/weapons/greatsword/Heaven's Wingblade.png", "enchant_level": 0, "grade": "", "slot": "greatsword", "attack_power": 0, "defense_power": 0}}, {"model": "items.item", "pk": 1306, "fields": {"name": "Inferno Master", "item_type": "WEAPON", "icon_file": "items/weapons/greatsword/Inferno Master.png", "enchant_level": 0, "grade": "", "slot": "greatsword", "attack_power": 0, "defense_power": 0}}, {"model": "items.item", "pk": 1307, "fields": {"name": "Sword of Iphos", "item_type": "WEAPON", "icon_file": "items/weapons/greatsword/Sword of Iphos.png", "enchant_level": 0, "grade": "", "slot": "greatsword", "attack_power": 0, "defense_power": 0}}, {"model": "items.item", "pk": 1308, "fields": {"name": "Archangel Blaster", "item_type": "WEAPON", "icon_file": "items/weapons/magic_cannon/Archangel Blaster.png", "enchant_level": 0, "grade": "", "slot": "magic_cannon", "attack_power": 0, "defense_power": 0}}, {"model": "items.item", "pk": 1309, "fields": {"name": "Assault Cannon", "item_type": "WEAPON", "icon_file": "items/weapons/magic_cannon/Assault Cannon.png", "enchant_level": 0, "grade": "", "slot": "magic_cannon", "attack_power": 0, "defense_power": 0}}, {"model": "items.item", "pk": 1310, "fields": {"name": "Basilisk Culverin", "item_type": "WEAPON", "icon_file": "items/weapons/magic_cannon/Basilisk Culverin.png", "enchant_level": 0, "grade": "", "slot": "magic_cannon", "attack_power": 0, "defense_power": 0}}, {"model": "items.item", "pk": 1311, "fields": {"name": "Deathbringer", "item_type": "WEAPON", "icon_file": "items/weapons/magic_cannon/Deathbringer.png", "enchant_level": 0, "grade": "", "slot": "magic_cannon", "attack_power": 0, "defense_power": 0}}, {"model": "items.item", "pk": 1312, "fields": {"name": "Divine Blaster", "item_type": "WEAPON", "icon_file": "items/weapons/magic_cannon/Divine Blaster.png", "enchant_level": 0, "grade": "", "slot": "magic_cannon", "attack_power": 0, "defense_power": 0}}, {"model": "items.item", "pk": 1313, "fields": {"name": "Doom Crusher", "item_type": "WEAPON", "icon_file": "items/weapons/magic_cannon/Doom Crusher.png", "enchant_level": 0, "grade": "", "slot": "magic_cannon", "attack_power": 0, "defense_power": 0}}, {"model": "items.item", "pk": 1314, "fields": {"name": "Giant's Blaster", "item_type": "WEAPON", "icon_file": "items/weapons/magic_cannon/Giant's Blaster.png", "enchant_level": 0, "grade": "", "slot": "magic_cannon", "attack_power": 0, "defense_power": 0}}, {"model": "items.item", "pk": 1315, "fields": {"name": "Mine Buster", "item_type": "WEAPON", "icon_file": "items/weapons/magic_cannon/Mine Buster.png", "enchant_level": 0, "grade": "", "slot": "magic_cannon", "attack_power": 0, "defense_power": 0}}, {"model": "items.item", "pk": 1316, "fields": {"name": "Pata", "item_type": "WEAPON", "icon_file": "items/weapons/magic_cannon/Pata.png", "enchant_level": 0, "grade": "", "slot": "magic_cannon", "attack_power": 0, "defense_power": 0}}, {"model": "items.item", "pk": 1317, "fields": {"name": "Sarakael Magic Cannon", "item_type": "WEAPON", "icon_file": "items/weapons/magic_cannon/Sarakael Magic Cannon.png", "enchant_level": 0, "grade": "", "slot": "magic_cannon", "attack_power": 0, "defense_power": 0}}, {"model": "items.item", "pk": 1318, "fields": {"name": "Schofield", "item_type": "WEAPON", "icon_file": "items/weapons/magic_cannon/Schofield.png", "enchant_level": 0, "grade": "", "slot": "magic_cannon", "attack_power": 0, "defense_power": 0}}, {"model": "items.item", "pk": 1319, "fields": {"name": "Star Buster", "item_type": "WEAPON", "icon_file": "items/weapons/magic_cannon/Star Buster.png", "enchant_level": 0, "grade": "", "slot": "magic_cannon", "attack_power": 0, "defense_power": 0}}, {"model": "items.item", "pk": 1320, "fields": {"name": "Zephyrus", "item_type": "WEAPON", "icon_file": "items/weapons/magic_cannon/Zephyrus.png", "enchant_level": 0, "grade": "", "slot": "magic_cannon", "attack_power": 0, "defense_power": 0}}, {"model": "items.item", "pk": 1321, "fields": {"name": "Archangel Blade", "item_type": "WEAPON", "icon_file": "items/weapons/one_handed_sword/Archangel Blade.png", "enchant_level": 0, "grade": "", "slot": "one_handed_sword", "attack_power": 0, "defense_power": 0}}, {"model": "items.item", "pk": 1322, "fields": {"name": "Elemental Sword", "item_type": "WEAPON", "icon_file": "items/weapons/one_handed_sword/Elemental Sword.png", "enchant_level": 0, "grade": "", "slot": "one_handed_sword", "attack_power": 0, "defense_power": 0}}, {"model": "items.item", "pk": 1323, "fields": {"name": "Fighting Father's Sword", "item_type": "WEAPON", "icon_file": "items/weapons/one_handed_sword/Fighting Father's Sword.png", "enchant_level": 0, "grade": "", "slot": "one_handed_sword", "attack_power": 0, "defense_power": 0}}, {"model": "items.item", "pk": 1324, "fields": {"name": "Giant's Sword", "item_type": "WEAPON", "icon_file": "items/weapons/one_handed_sword/Giant's Sword.png", "enchant_level": 0, "grade": "", "slot": "one_handed_sword", "attack_power": 0, "defense_power": 0}}, {"model": "items.item", "pk": 1325, "fields": {"name": "Guardian's Sword", "item_type": "WEAPON", "icon_file": "items/weapons/one_handed_sword/Guardian's Sword.png", "enchant_level": 0, "grade": "", "slot": "one_handed_sword", "attack_power": 0, "defense_power": 0}}, {"model": "items.item", "pk": 1326, "fields": {"name": "Kshanberg", "item_type": "WEAPON", "icon_file": "items/weapons/one_handed_sword/Kshanberg.png", "enchant_level": 0, "grade": "", "slot": "one_handed_sword", "attack_power": 0, "defense_power": 0}}, {"model": "items.item", "pk": 1327, "fields": {"name": "Raid Sword", "item_type": "WEAPON", "icon_file": "items/weapons/one_handed_sword/Raid Sword.png", "enchant_level": 0, "grade": "", "slot": "one_handed_sword", "attack_power": 0, "defense_power": 0}}, {"model": "items.item", "pk": 1328, "fields": {"name": "Sir Blade", "item_type": "WEAPON", "icon_file": "items/weapons/one_handed_sword/Sir Blade.png", "enchant_level": 0, "grade": "", "slot": "one_handed_sword", "attack_power": 0, "defense_power": 0}}, {"model": "items.item", "pk": 1329, "fields": {"name": "Spirits Sword", "item_type": "WEAPON", "icon_file": "items/weapons/one_handed_sword/Spirits Sword.png", "enchant_level": 0, "grade": "", "slot": "one_handed_sword", "attack_power": 0, "defense_power": 0}}, {"model": "items.item", "pk": 1330, "fields": {"name": "Sword of Eclipse", "item_type": "WEAPON", "icon_file": "items/weapons/one_handed_sword/Sword of Eclipse.png", "enchant_level": 0, "grade": "", "slot": "one_handed_sword", "attack_power": 0, "defense_power": 0}}, {"model": "items.item", "pk": 1331, "fields": {"name": "Sword of Miracle", "item_type": "WEAPON", "icon_file": "items/weapons/one_handed_sword/Sword of Miracle.png", "enchant_level": 0, "grade": "", "slot": "one_handed_sword", "attack_power": 0, "defense_power": 0}}, {"model": "items.item", "pk": 1332, "fields": {"name": "Sword of Nightmare", "item_type": "WEAPON", "icon_file": "items/weapons/one_handed_sword/Sword of Nightmare.png", "enchant_level": 0, "grade": "", "slot": "one_handed_sword", "attack_power": 0, "defense_power": 0}}, {"model": "items.item", "pk": 1333, "fields": {"name": "Sword of Valhalla", "item_type": "WEAPON", "icon_file": "items/weapons/one_handed_sword/Sword of Valhalla.png", "enchant_level": 0, "grade": "", "slot": "one_handed_sword", "attack_power": 0, "defense_power": 0}}, {"model": "items.item", "pk": 1334, "fields": {"name": "Tsurugi", "item_type": "WEAPON", "icon_file": "items/weapons/one_handed_sword/Tsurugi.png", "enchant_level": 0, "grade": "", "slot": "one_handed_sword", "attack_power": 0, "defense_power": 0}}, {"model": "items.item", "pk": 1335, "fields": {"name": "Archangel Orb", "item_type": "WEAPON", "icon_file": "items/weapons/orb/Archangel Orb.png", "enchant_level": 0, "grade": "", "slot": "orb", "attack_power": 0, "defense_power": 0}}, {"model": "items.item", "pk": 1336, "fields": {"name": "Devil's Orb", "item_type": "WEAPON", "icon_file": "items/weapons/orb/Devil's Orb.png", "enchant_level": 0, "grade": "", "slot": "orb", "attack_power": 0, "defense_power": 0}}, {"model": "items.item", "pk": 1337, "fields": {"name": "Dragon Flame Head", "item_type": "WEAPON", "icon_file": "items/weapons/orb/Dragon Flame Head.png", "enchant_level": 0, "grade": "", "slot": "orb", "attack_power": 0, "defense_power": 0}}, {"model": "items.item", "pk": 1338, "fields": {"name": "Eclipse of", "item_type": "WEAPON", "icon_file": "items/weapons/orb/Eclipse of.png", "enchant_level": 0, "grade": "", "slot": "orb", "attack_power": 0, "defense_power": 0}}, {"model": "items.item", "pk": 1339, "fields": {"name": "Elysion", "item_type": "WEAPON", "icon_file": "items/weapons/orb/Elysion.png", "enchant_level": 0, "grade": "", "slot": "orb", "attack_power": 0, "defense_power": 0}}, {"model": "items.item", "pk": 1340, "fields": {"name": "Fairy Queen", "item_type": "WEAPON", "icon_file": "items/weapons/orb/Fairy Queen.png", "enchant_level": 0, "grade": "", "slot": "orb", "attack_power": 0, "defense_power": 0}}, {"model": "items.item", "pk": 1341, "fields": {"name": "Giant's Orb", "item_type": "WEAPON", "icon_file": "items/weapons/orb/Giant's Orb.png", "enchant_level": 0, "grade": "", "slot": "orb", "attack_power": 0, "defense_power": 0}}, {"model": "items.item", "pk": 1342, "fields": {"name": "Hall of Faith", "item_type": "WEAPON", "icon_file": "items/weapons/orb/Hall of Faith.png", "enchant_level": 0, "grade": "", "slot": "orb", "attack_power": 0, "defense_power": 0}}, {"model": "items.item", "pk": 1343, "fields": {"name": "Hand of Cabrio", "item_type": "WEAPON", "icon_file": "items/weapons/orb/Hand of Cabrio.png", "enchant_level": 0, "grade": "", "slot": "orb", "attack_power": 0, "defense_power": 0}}, {"model": "items.item", "pk": 1344, "fields": {"name": "Nirvana", "item_type": "WEAPON", "icon_file": "items/weapons/orb/Nirvana.png", "enchant_level": 0, "grade": "", "slot": "orb", "attack_power": 0, "defense_power": 0}}, {"model": "items.item", "pk": 1345, "fields": {"name": "Spell Breaker", "item_type": "WEAPON", "icon_file": "items/weapons/orb/Spell Breaker.png", "enchant_level": 0, "grade": "", "slot": "orb", "attack_power": 0, "defense_power": 0}}, {"model": "items.item", "pk": 1346, "fields": {"name": "The Bones of Kaim Banul", "item_type": "WEAPON", "icon_file": "items/weapons/orb/The Bones of Kaim Banul.png", "enchant_level": 0, "grade": "", "slot": "orb", "attack_power": 0, "defense_power": 0}}, {"model": "items.item", "pk": 1347, "fields": {"name": "Archangel Rapier", "item_type": "WEAPON", "icon_file": "items/weapons/rapier/Archangel Rapier.png", "enchant_level": 0, "grade": "", "slot": "rapier", "attack_power": 0, "defense_power": 0}}, {"model": "items.item", "pk": 1348, "fields": {"name": "Assault Rapier", "item_type": "WEAPON", "icon_file": "items/weapons/rapier/Assault Rapier.png", "enchant_level": 0, "grade": "", "slot": "rapier", "attack_power": 0, "defense_power": 0}}, {"model": "items.item", "pk": 1349, "fields": {"name": "Blink Rapier", "item_type": "WEAPON", "icon_file": "items/weapons/rapier/Blink Rapier.png", "enchant_level": 0, "grade": "", "slot": "rapier", "attack_power": 0, "defense_power": 0}}, {"model": "items.item", "pk": 1350, "fields": {"name": "Eclair Bijou", "item_type": "WEAPON", "icon_file": "items/weapons/rapier/Eclair Bijou.png", "enchant_level": 0, "grade": "", "slot": "rapier", "attack_power": 0, "defense_power": 0}}, {"model": "items.item", "pk": 1351, "fields": {"name": "Giant's Rapier", "item_type": "WEAPON", "icon_file": "items/weapons/rapier/Giant's Rapier.png", "enchant_level": 0, "grade": "", "slot": "rapier", "attack_power": 0, "defense_power": 0}}, {"model": "items.item", "pk": 1352, "fields": {"name": "Glorious", "item_type": "WEAPON", "icon_file": "items/weapons/rapier/Glorious.png", "enchant_level": 0, "grade": "", "slot": "rapier", "attack_power": 0, "defense_power": 0}}, {"model": "items.item", "pk": 1353, "fields": {"name": "Grid Rapier", "item_type": "WEAPON", "icon_file": "items/weapons/rapier/Grid Rapier.png", "enchant_level": 0, "grade": "", "slot": "rapier", "attack_power": 0, "defense_power": 0}}, {"model": "items.item", "pk": 1354, "fields": {"name": "Hauteclair", "item_type": "WEAPON", "icon_file": "items/weapons/rapier/Hauteclair.png", "enchant_level": 0, "grade": "", "slot": "rapier", "attack_power": 0, "defense_power": 0}}, {"model": "items.item", "pk": 1355, "fields": {"name": "Kolishmard", "item_type": "WEAPON", "icon_file": "items/weapons/rapier/Kolishmard.png", "enchant_level": 0, "grade": "", "slot": "rapier", "attack_power": 0, "defense_power": 0}}, {"model": "items.item", "pk": 1356, "fields": {"name": "Levatein", "item_type": "WEAPON", "icon_file": "items/weapons/rapier/Levatein.png", "enchant_level": 0, "grade": "", "slot": "rapier", "attack_power": 0, "defense_power": 0}}, {"model": "items.item", "pk": 1357, "fields": {"name": "Soldat Estark", "item_type": "WEAPON", "icon_file": "items/weapons/rapier/Soldat Estark.png", "enchant_level": 0, "grade": "", "slot": "rapier", "attack_power": 0, "defense_power": 0}}, {"model": "items.item", "pk": 1358, "fields": {"name": "Tromba's Fang", "item_type": "WEAPON", "icon_file": "items/weapons/rapier/Tromba's Fang.png", "enchant_level": 0, "grade": "", "slot": "rapier", "attack_power": 0, "defense_power": 0}}, {"model": "items.item", "pk": 1359, "fields": {"name": "Archangel Soul Breaker", "item_type": "WEAPON", "icon_file": "items/weapons/soul_breaker/Archangel Soul Breaker.png", "enchant_level": 0, "grade": "", "slot": "soul_breaker", "attack_power": 0, "defense_power": 0}}, {"model": "items.item", "pk": 1360, "fields": {"name": "Blade of Madness", "item_type": "WEAPON", "icon_file": "items/weapons/soul_breaker/Blade of Madness.png", "enchant_level": 0, "grade": "", "slot": "soul_breaker", "attack_power": 0, "defense_power": 0}}, {"model": "items.item", "pk": 1361, "fields": {"name": "Crystal Soul Breaker", "item_type": "WEAPON", "icon_file": "items/weapons/soul_breaker/Crystal Soul Breaker.png", "enchant_level": 0, "grade": "", "slot": "soul_breaker", "attack_power": 0, "defense_power": 0}}, {"model": "items.item", "pk": 1362, "fields": {"name": "Dark Shadow", "item_type": "WEAPON", "icon_file": "items/weapons/soul_breaker/Dark Shadow.png", "enchant_level": 0, "grade": "", "slot": "soul_breaker", "attack_power": 0, "defense_power": 0}}, {"model": "items.item", "pk": 1363, "fields": {"name": "Frostbite", "item_type": "WEAPON", "icon_file": "items/weapons/soul_breaker/Frostbite.png", "enchant_level": 0, "grade": "", "slot": "soul_breaker", "attack_power": 0, "defense_power": 0}}, {"model": "items.item", "pk": 1364, "fields": {"name": "Giant's Soul Breaker", "item_type": "WEAPON", "icon_file": "items/weapons/soul_breaker/Giant's Soul Breaker.png", "enchant_level": 0, "grade": "", "slot": "soul_breaker", "attack_power": 0, "defense_power": 0}}, {"model": "items.item", "pk": 1365, "fields": {"name": "Hrunting", "item_type": "WEAPON", "icon_file": "items/weapons/soul_breaker/Hrunting.png", "enchant_level": 0, "grade": "", "slot": "soul_breaker", "attack_power": 0, "defense_power": 0}}, {"model": "items.item", "pk": 1366, "fields": {"name": "Judge of the Sun", "item_type": "WEAPON", "icon_file": "items/weapons/soul_breaker/Judge of the Sun.png", "enchant_level": 0, "grade": "", "slot": "soul_breaker", "attack_power": 0, "defense_power": 0}}, {"model": "items.item", "pk": 1367, "fields": {"name": "Sword of the Soul", "item_type": "WEAPON", "icon_file": "items/weapons/soul_breaker/Sword of the Soul.png", "enchant_level": 0, "grade": "", "slot": "soul_breaker", "attack_power": 0, "defense_power": 0}}, {"model": "items.item", "pk": 1368, "fields": {"name": "Wisdom of our ancestors", "item_type": "WEAPON", "icon_file": "items/weapons/soul_breaker/Wisdom of our ancestors.png", "enchant_level": 0, "grade": "", "slot": "soul_breaker", "attack_power": 0, "defense_power": 0}}, {"model": "items.item", "pk": 1369, "fields": {"name": "Archangel Dual Swords", "item_type": "WEAPON", "icon_file": "items/weapons/two_sword_style/Archangel Dual Swords.png", "enchant_level": 0, "grade": "", "slot": "two_sword_style", "attack_power": 0, "defense_power": 0}}, {"model": "items.item", "pk": 1370, "fields": {"name": "Caribs Dual Swords", "item_type": "WEAPON", "icon_file": "items/weapons/two_sword_style/Caribs Dual Swords.png", "enchant_level": 0, "grade": "", "slot": "two_sword_style", "attack_power": 0, "defense_power": 0}}, {"model": "items.item", "pk": 1371, "fields": {"name": "Damascus Dual Sword", "item_type": "WEAPON", "icon_file": "items/weapons/two_sword_style/Damascus Dual Sword.png", "enchant_level": 0, "grade": "", "slot": "two_sword_style", "attack_power": 0, "defense_power": 0}}, {"model": "items.item", "pk": 1372, "fields": {"name": "Dark Legion", "item_type": "WEAPON", "icon_file": "items/weapons/two_sword_style/Dark Legion.png", "enchant_level": 0, "grade": "", "slot": "two_sword_style", "attack_power": 0, "defense_power": 0}}, {"model": "items.item", "pk": 1373, "fields": {"name": "Death Lord Dual Swords", "item_type": "WEAPON", "icon_file": "items/weapons/two_sword_style/Death Lord Dual Swords.png", "enchant_level": 0, "grade": "", "slot": "two_sword_style", "attack_power": 0, "defense_power": 0}}, {"model": "items.item", "pk": 1374, "fields": {"name": "Giant's Dual Swords", "item_type": "WEAPON", "icon_file": "items/weapons/two_sword_style/Giant's Dual Swords.png", "enchant_level": 0, "grade": "", "slot": "two_sword_style", "attack_power": 0, "defense_power": 0}}, {"model": "items.item", "pk": 1375, "fields": {"name": "Homunculus Dual Sword", "item_type": "WEAPON", "icon_file": "items/weapons/two_sword_style/Homunculus Dual Sword.png", "enchant_level": 0, "grade": "", "slot": "two_sword_style", "attack_power": 0, "defense_power": 0}}, {"model": "items.item", "pk": 1376, "fields": {"name": "Mardil's Wrath", "item_type": "WEAPON", "icon_file": "items/weapons/two_sword_style/Mardil's Wrath.png", "enchant_level": 0, "grade": "", "slot": "two_sword_style", "attack_power": 0, "defense_power": 0}}, {"model": "items.item", "pk": 1377, "fields": {"name": "Mystery Dual Swords", "item_type": "WEAPON", "icon_file": "items/weapons/two_sword_style/Mystery Dual Swords.png", "enchant_level": 0, "grade": "", "slot": "two_sword_style", "attack_power": 0, "defense_power": 0}}, {"model": "items.item", "pk": 1378, "fields": {"name": "Saint Dual Sword", "item_type": "WEAPON", "icon_file": "items/weapons/two_sword_style/Saint Dual Sword.png", "enchant_level": 0, "grade": "", "slot": "two_sword_style", "attack_power": 0, "defense_power": 0}}, {"model": "items.item", "pk": 1379, "fields": {"name": "Tears of Warrior", "item_type": "WEAPON", "icon_file": "items/weapons/two_sword_style/Tears of Warrior.png", "enchant_level": 0, "grade": "", "slot": "two_sword_style", "attack_power": 0, "defense_power": 0}}, {"model": "items.item", "pk": 1380, "fields": {"name": "Themis's Tongue", "item_type": "WEAPON", "icon_file": "items/weapons/two_sword_style/Themis's Tongue.png", "enchant_level": 0, "grade": "", "slot": "two_sword_style", "attack_power": 0, "defense_power": 0}}, {"model": "items.item", "pk": 1381, "fields": {"name": "Archangel Halberd", "item_type": "WEAPON", "icon_file": "items/weapons/spear/Archangel Halberd.png", "enchant_level": 0, "grade": "", "slot": "spear", "attack_power": 0, "defense_power": 0}}, {"model": "items.item", "pk": 1382, "fields": {"name": "Ascalon", "item_type": "WEAPON", "icon_file": "items/weapons/spear/Ascalon.png", "enchant_level": 0, "grade": "", "slot": "spear", "attack_power": 0, "defense_power": 0}}, {"model": "items.item", "pk": 1383, "fields": {"name": "Battle Spear", "item_type": "WEAPON", "icon_file": "items/weapons/spear/Battle Spear.png", "enchant_level": 0, "grade": "", "slot": "spear", "attack_power": 0, "defense_power": 0}}, {"model": "items.item", "pk": 1384, "fields": {"name": "Body Slasher", "item_type": "WEAPON", "icon_file": "items/weapons/spear/Body Slasher.png", "enchant_level": 0, "grade": "", "slot": "spear", "attack_power": 0, "defense_power": 0}}, {"model": "items.item", "pk": 1385, "fields": {"name": "Giant's Spear", "item_type": "WEAPON", "icon_file": "items/weapons/spear/Giant's Spear.png", "enchant_level": 0, "grade": "", "slot": "spear", "attack_power": 0, "defense_power": 0}}, {"model": "items.item", "pk": 1386, "fields": {"name": "Great Axe", "item_type": "WEAPON", "icon_file": "items/weapons/spear/Great Axe.png", "enchant_level": 0, "grade": "", "slot": "spear", "attack_power": 0, "defense_power": 0}}, {"model": "items.item", "pk": 1387, "fields": {"name": "Halberd", "item_type": "WEAPON", "icon_file": "items/weapons/spear/Halberd.png", "enchant_level": 0, "grade": "", "slot": "spear", "attack_power": 0, "defense_power": 0}}, {"model": "items.item", "pk": 1388, "fields": {"name": "Heavy War Axe", "item_type": "WEAPON", "icon_file": "items/weapons/spear/Heavy War Axe.png", "enchant_level": 0, "grade": "", "slot": "spear", "attack_power": 0, "defense_power": 0}}, {"model": "items.item", "pk": 1389, "fields": {"name": "Lancia", "item_type": "WEAPON", "icon_file": "items/weapons/spear/Lancia.png", "enchant_level": 0, "grade": "", "slot": "spear", "attack_power": 0, "defense_power": 0}}, {"model": "items.item", "pk": 1390, "fields": {"name": "Saint Spear", "item_type": "WEAPON", "icon_file": "items/weapons/spear/Saint Spear.png", "enchant_level": 0, "grade": "", "slot": "spear", "attack_power": 0, "defense_power": 0}}, {"model": "items.item", "pk": 1391, "fields": {"name": "Scorpion", "item_type": "WEAPON", "icon_file": "items/weapons/spear/Scorpion.png", "enchant_level": 0, "grade": "", "slot": "spear", "attack_power": 0, "defense_power": 0}}, {"model": "items.item", "pk": 1392, "fields": {"name": "Side", "item_type": "WEAPON", "icon_file": "items/weapons/spear/Side.png", "enchant_level": 0, "grade": "", "slot": "spear", "attack_power": 0, "defense_power": 0}}, {"model": "items.item", "pk": 1393, "fields": {"name": "Tallum Glaive", "item_type": "WEAPON", "icon_file": "items/weapons/spear/Tallum Glaive.png", "enchant_level": 0, "grade": "", "slot": "spear", "attack_power": 0, "defense_power": 0}}, {"model": "items.item", "pk": 1394, "fields": {"name": "Typhon Spear", "item_type": "WEAPON", "icon_file": "items/weapons/spear/Typhon Spear.png", "enchant_level": 0, "grade": "", "slot": "spear", "attack_power": 0, "defense_power": 0}}, {"model": "items.item", "pk": 1395, "fields": {"name": "Widowmaker", "item_type": "WEAPON", "icon_file": "items/weapons/spear/Widowmaker.png", "enchant_level": 0, "grade": "", "slot": "spear", "attack_power": 0, "defense_power": 0}}, {"model": "items.subclassstats", "pk": 5, "fields": {"character": 7, "dualblade_triple_slash": false, "dualblade_sonic_blaster": false, "dualblade_detect_weakness": false, "dualblade_dance_of_fury": false, "dualblade_dual_parrying": false, "dualblade_dual_impact": false, "dualblade_berserker": true, "dualblade_breaking_armor": false, "dualblade_weapon": "tallum", "dagger_assassin_vision": false, "dagger_shadow_blade": false, "dagger_hide": false, "dagger_venom": false, "dagger_reset_movement": false, "dagger_phantom_blade": false, "dagger_shadow_step": false, "dagger_marionette": false, "dagger_weapon": "cruma", "staff_snow_storm": false, "staff_cancellation": false, "staff_confuse": false, "staff_restore_casting": false, "staff_frozen_crystal": true, "staff_meteor": true, "staff_chaos": false, "staff_gravity": false, "staff_weapon": "archangel", "bow_death_sting": false, "bow_mana_seeker": false, "bow_real_target": false, "bow_entangle": false, "bow_impact_shot": false, "bow_absolute_piercing": true, "bow_elimination": false, "bow_pinpoint_shot": false, "bow_weapon": "carnium", "tank_double_shock": false, "tank_iron_will": true, "tank_vex": true, "tank_touch_of_life": false, "tank_holy_strike": false, "tank_brutal_attack": true, "tank_vengeance": false, "tank_chain_strike": false, "tank_weapon": "valhalla", "spear_frenzy": false, "spear_vital_destruction": false, "spear_infinity_strike": false, "spear_disarm": false, "spear_giant_stomp": true, "spear_absolute_spear": true, "spear_rolling_thunder": false, "spear_earthquake_stomp": false, "spear_weapon": "body_slasher"}}, {"model": "items.subclassstats", "pk": 6, "fields": {"character": 8, "dualblade_triple_slash": false, "dualblade_sonic_blaster": true, "dualblade_detect_weakness": true, "dualblade_dance_of_fury": true, "dualblade_dual_parrying": false, "dualblade_dual_impact": false, "dualblade_berserker": false, "dualblade_breaking_armor": false, "dualblade_weapon": "none", "dagger_assassin_vision": false, "dagger_shadow_blade": false, "dagger_hide": false, "dagger_venom": false, "dagger_reset_movement": false, "dagger_phantom_blade": false, "dagger_shadow_step": false, "dagger_marionette": false, "dagger_weapon": "none", "staff_snow_storm": false, "staff_cancellation": true, "staff_confuse": false, "staff_restore_casting": false, "staff_frozen_crystal": false, "staff_meteor": false, "staff_chaos": true, "staff_gravity": false, "staff_weapon": "none", "bow_death_sting": false, "bow_mana_seeker": true, "bow_real_target": false, "bow_entangle": false, "bow_impact_shot": false, "bow_absolute_piercing": true, "bow_elimination": true, "bow_pinpoint_shot": false, "bow_weapon": "none", "tank_double_shock": false, "tank_iron_will": true, "tank_vex": false, "tank_touch_of_life": false, "tank_holy_strike": false, "tank_brutal_attack": true, "tank_vengeance": true, "tank_chain_strike": false, "tank_weapon": "none", "spear_frenzy": false, "spear_vital_destruction": false, "spear_infinity_strike": false, "spear_disarm": false, "spear_giant_stomp": false, "spear_absolute_spear": true, "spear_rolling_thunder": true, "spear_earthquake_stomp": false, "spear_weapon": "none"}}, {"model": "items.subclassstats", "pk": 7, "fields": {"character": 9, "dualblade_triple_slash": false, "dualblade_sonic_blaster": false, "dualblade_detect_weakness": false, "dualblade_dance_of_fury": false, "dualblade_dual_parrying": false, "dualblade_dual_impact": false, "dualblade_berserker": false, "dualblade_breaking_armor": false, "dualblade_weapon": "none", "dagger_assassin_vision": false, "dagger_shadow_blade": false, "dagger_hide": false, "dagger_venom": false, "dagger_reset_movement": false, "dagger_phantom_blade": false, "dagger_shadow_step": false, "dagger_marionette": false, "dagger_weapon": "none", "staff_snow_storm": false, "staff_cancellation": false, "staff_confuse": false, "staff_restore_casting": false, "staff_frozen_crystal": false, "staff_meteor": false, "staff_chaos": false, "staff_gravity": false, "staff_weapon": "none", "bow_death_sting": false, "bow_mana_seeker": false, "bow_real_target": false, "bow_entangle": false, "bow_impact_shot": false, "bow_absolute_piercing": false, "bow_elimination": false, "bow_pinpoint_shot": false, "bow_weapon": "none", "tank_double_shock": false, "tank_iron_will": false, "tank_vex": false, "tank_touch_of_life": false, "tank_holy_strike": false, "tank_brutal_attack": false, "tank_vengeance": false, "tank_chain_strike": false, "tank_weapon": "none", "spear_frenzy": true, "spear_vital_destruction": true, "spear_infinity_strike": true, "spear_disarm": true, "spear_giant_stomp": true, "spear_absolute_spear": true, "spear_rolling_thunder": true, "spear_earthquake_stomp": true, "spear_weapon": "none"}}, {"model": "items.subclassstats", "pk": 8, "fields": {"character": 10, "dualblade_triple_slash": false, "dualblade_sonic_blaster": false, "dualblade_detect_weakness": false, "dualblade_dance_of_fury": false, "dualblade_dual_parrying": false, "dualblade_dual_impact": false, "dualblade_berserker": false, "dualblade_breaking_armor": false, "dualblade_weapon": "none", "dagger_assassin_vision": false, "dagger_shadow_blade": false, "dagger_hide": false, "dagger_venom": false, "dagger_reset_movement": false, "dagger_phantom_blade": false, "dagger_shadow_step": false, "dagger_marionette": false, "dagger_weapon": "none", "staff_snow_storm": false, "staff_cancellation": false, "staff_confuse": false, "staff_restore_casting": false, "staff_frozen_crystal": false, "staff_meteor": false, "staff_chaos": false, "staff_gravity": false, "staff_weapon": "none", "bow_death_sting": false, "bow_mana_seeker": false, "bow_real_target": false, "bow_entangle": false, "bow_impact_shot": false, "bow_absolute_piercing": false, "bow_elimination": false, "bow_pinpoint_shot": false, "bow_weapon": "none", "tank_double_shock": false, "tank_iron_will": false, "tank_vex": false, "tank_touch_of_life": false, "tank_holy_strike": false, "tank_brutal_attack": false, "tank_vengeance": false, "tank_chain_strike": false, "tank_weapon": "none", "spear_frenzy": false, "spear_vital_destruction": false, "spear_infinity_strike": false, "spear_disarm": false, "spear_giant_stomp": false, "spear_absolute_spear": false, "spear_rolling_thunder": false, "spear_earthquake_stomp": false, "spear_weapon": "none"}}, {"model": "items.legendaryclass", "pk": 19, "fields": {"name": "Demon Slayer", "icon_file": "Zariche.png"}}, {"model": "items.legendaryclass", "pk": 20, "fields": {"name": "Scryde", "icon_file": "Icon_Classcard_Scryde.png"}}, {"model": "items.legendaryclass", "pk": 21, "fields": {"name": "Lionel Hunter", "icon_file": "Icon_Classcard_LionelHunter.png"}}, {"model": "items.legendaryclass", "pk": 22, "fields": {"name": "Aria", "icon_file": "Icon_Classcard_Aria.png"}}, {"model": "items.legendaryclass", "pk": 23, "fields": {"name": "Veora", "icon_file": "Icon_Classcard_Veora.png"}}, {"model": "items.legendaryclass", "pk": 24, "fields": {"name": "Solina", "icon_file": "Icon_Classcard_Solina.png"}}, {"model": "items.legendaryclass", "pk": 25, "fields": {"name": "Regina", "icon_file": "Icon_Classcard_Regina.png"}}, {"model": "items.legendaryclass", "pk": 26, "fields": {"name": "Daphne", "icon_file": "Icon_Classcard_Daphne.png"}}, {"model": "items.legendaryclass", "pk": 27, "fields": {"name": "No legendary class", "icon_file": "вопрос_PiWb3ob.png"}}, {"model": "items.legendaryagathion", "pk": 9, "fields": {"name": "No legendary agathions", "icon_file": "вопрос_PiWb3ob.png"}}, {"model": "items.legendaryagathion", "pk": 10, "fields": {"name": "Zarich", "icon_file": "Icon_Agathion_Zariche.png"}}, {"model": "items.legendaryagathion", "pk": 11, "fields": {"name": "Orfen", "icon_file": "Icon_Agathion_Orfen.png"}}, {"model": "items.legendaryagathion", "pk": 12, "fields": {"name": "Baium", "icon_file": "Icon_Agathion_Baium.png"}}, {"model": "items.legendaryagathion", "pk": 13, "fields": {"name": "Anakim", "icon_file": "Icon_Agathion_Anakim.png"}}, {"model": "items.legendaryagathion", "pk": 14, "fields": {"name": "Lilith", "icon_file": "Icon_Agathion_Lilith.png"}}, {"model": "items.legendaryagathion", "pk": 15, "fields": {"name": "Timiniel", "icon_file": "Icon_Agathion_Timiniel.png"}}, {"model": "items.inheritorbook", "pk": 23, "fields": {"name": "Increase Strength", "icon_file": null}}, {"model": "items.inheritorbook", "pk": 24, "fields": {"name": "Increase Dexterity", "icon_file": null}}, {"model": "items.inheritorbook", "pk": 25, "fields": {"name": "Increase Intelligence", "icon_file": null}}, {"model": "items.character", "pk": 7, "fields": {"owner": 1, "name": "SonOfZeus", "clan": "Valkyrie", "level": 91, "character_class": "Orb Skill", "main_weapon": null, "helmet": null, "armor": null, "gloves": null, "boots": null, "necklace": null, "ring_left": null, "ring_right": null, "earring_left": null, "earring_right": null, "discord_id": "563660302466678801", "legendary_classes": [19, 20], "legendary_agathions": [10]}}, {"model": "items.character", "pk": 8, "fields": {"owner": 2, "name": "leo", "clan": "Valkyrie", "level": 80, "character_class": "Rapier Skill", "main_weapon": null, "helmet": null, "armor": null, "gloves": null, "boots": null, "necklace": null, "ring_left": null, "ring_right": null, "earring_left": null, "earring_right": null, "discord_id": "1467027835259453625", "legendary_classes": [19, 22], "legendary_agathions": [12]}}, {"model": "items.character", "pk": 9, "fields": {"owner": 3, "name": "SonOfShilen", "clan": "Valkyrie", "level": 75, "character_class": "Chainsword Skill", "main_weapon": null, "helmet": null, "armor": null, "gloves": null, "boots": null, "necklace": null, "ring_left": null, "ring_right": null, "earring_left": null, "earring_right": null, "discord_id": null, "legendary_classes": [26], "legendary_agathions": [10]}}, {"model": "items.character", "pk": 10, "fields": {"owner": 5, "name": "cika", "clan": "Valkyrie", "level": 88, "character_class": "Chainsword Skill", "main_weapon": null, "helmet": null, "armor": null, "gloves": null, "boots": null, "necklace": null, "ring_left": null, "ring_right": null, "earring_left": null, "earring_right": null, "discord_id": null, "legendary_classes": [21, 22], "legendary_agathions": [11, 12]}}, {"model": "items.character", "pk": 11, "fields": {"owner": 6, "name": "snow", "clan": "Valkyrie", "level": 80, "character_class": "Dagger Skill", "main_weapon": null, "helmet": null, "armor": null, "gloves": null, "boots": null, "necklace": null, "ring_left": null, "ring_right": null, "earring_left": null, "earring_right": null, "discord_id": null, "legendary_classes": [25, 26], "legendary_agathions": [14, 15]}}, {"model": "items.characterattributes", "pk": 4, "fields": {"character": 7, "epic_classes_count": 20, "epic_agathions_count": 20, "soulshot_level": 12, "valor_level": 10, "soul_prog_attack": "1-4", "soul_prog_defense": "1-4", "soul_prog_blessing": "1-4", "enchant_bracelet_holy_prot": 2, "enchant_bracelet_influence": 1, "enchant_earring_earth": 1, "enchant_earring_fire": 6, "enchant_seal_eva": 8, "pvp_helmet": "Medusa's Helm", "pvp_helmet_enchant": 6, "pvp_gloves": "Paulina's Gauntlets", "pvp_gloves_enchant": 6, "pvp_boots": "Tersi's Boots", "pvp_boots_enchant": 6, "pvp_gaiters": "Gaiters of Ice", "pvp_gaiters_enchant": 6, "pvp_top_armor": "Paulina's Breastplate", "pvp_top_armor_enchant": 6, "pvp_cloak": "Zaken's Cloak", "pvp_cloak_enchant": 6, "pvp_sigil": "Cruma's Shell", "pvp_sigil_enchant": 6, "pvp_necklace": "Anakeem's Soul Necklace", "pvp_necklace_enchant": 6, "pvp_ring_left": "Vereth's Ring", "pvp_ring_left_enchant": 6, "pvp_ring_right": "Baium's Ring", "pvp_ring_right_enchant": 5, "pvp_belt": "Eratone's Belt", "pvp_belt_enchant": 5, "stat_dmg": 194, "stat_acc": 271, "stat_def": 306, "stat_reduc": 95, "stat_resist": 279, "stat_skill_dmg_boost": 110, "stat_wpn_dmg_boost": 182, "stat_guardian": 8, "stat_conquer": 7, "total_legend_codex": 8, "weapon": "orb|The Bones of Kaim Banul", "weapon_enchant": 11, "skill_frenzy": false, "skill_vital_destruction": true, "skill_infinity_strike": true, "skill_disarm": true, "skill_giant_stomp": true, "skill_absolute_spear": false, "skill_rolling_thunder": false, "skill_earthquake_stomp": false, "inheritor_books": [24, 25, 23]}}, {"model": "items.characterattributes", "pk": 5, "fields": {"character": 8, "epic_classes_count": 23, "epic_agathions_count": 21, "soulshot_level": 13, "valor_level": 13, "soul_prog_attack": "1-4", "soul_prog_defense": "5-9", "soul_prog_blessing": "1-4", "enchant_bracelet_holy_prot": 3, "enchant_bracelet_influence": 2, "enchant_earring_earth": 3, "enchant_earring_fire": 7, "enchant_seal_eva": 7, "pvp_helmet": "Medusa's Helm", "pvp_helmet_enchant": 6, "pvp_gloves": "Nevit's Gloves", "pvp_gloves_enchant": 7, "pvp_boots": "Paulina's Boots", "pvp_boots_enchant": 7, "pvp_gaiters": "Gaiters of Ice", "pvp_gaiters_enchant": 7, "pvp_top_armor": "Tersi's Robe", "pvp_top_armor_enchant": 7, "pvp_cloak": "Queen Ant's Wing", "pvp_cloak_enchant": 7, "pvp_sigil": "Sigil of Flames", "pvp_sigil_enchant": 6, "pvp_necklace": "Necklace of Immortality", "pvp_necklace_enchant": 7, "pvp_ring_left": "Core Ring", "pvp_ring_left_enchant": 8, "pvp_ring_right": "Vereth's Ring", "pvp_ring_right_enchant": 6, "pvp_belt": "Tiat's Belt", "pvp_belt_enchant": 9, "stat_dmg": 32, "stat_acc": 23, "stat_def": 42, "stat_reduc": 32, "stat_resist": 12, "stat_skill_dmg_boost": 44, "stat_wpn_dmg_boost": 42, "stat_guardian": 12, "stat_conquer": 10, "total_legend_codex": 23, "weapon": "rapier|Grid Rapier", "weapon_enchant": 11, "skill_frenzy": false, "skill_vital_destruction": false, "skill_infinity_strike": true, "skill_disarm": true, "skill_giant_stomp": false, "skill_absolute_spear": false, "skill_rolling_thunder": false, "skill_earthquake_stomp": true, "inheritor_books": [25]}}, {"model": "items.characterattributes", "pk": 6, "fields": {"character": 9, "epic_classes_count": 7, "epic_agathions_count": 8, "soulshot_level": 9, "valor_level": 9, "soul_prog_attack": "15", "soul_prog_defense": "15", "soul_prog_blessing": "15", "enchant_bracelet_holy_prot": 4, "enchant_bracelet_influence": 4, "enchant_earring_earth": 5, "enchant_earring_fire": 5, "enchant_seal_eva": 4, "pvp_helmet": "Draconic Helmet", "pvp_helmet_enchant": 0, "pvp_gloves": "Demon's Gauntlets", "pvp_gloves_enchant": 0, "pvp_boots": "Draconic", "pvp_boots_enchant": 0, "pvp_gaiters": "Gaiters of Light", "pvp_gaiters_enchant": 0, "pvp_top_armor": "Imperial Crusader Breastplate", "pvp_top_armor_enchant": 0, "pvp_cloak": "Nailop's Cloak", "pvp_cloak_enchant": 0, "pvp_sigil": "Arcana Sigil", "pvp_sigil_enchant": 0, "pvp_necklace": "Necklace of Immortality", "pvp_necklace_enchant": 0, "pvp_ring_left": "Vereth's Ring", "pvp_ring_left_enchant": 0, "pvp_ring_right": "Desperion's Ring", "pvp_ring_right_enchant": 0, "pvp_belt": "Ekimus' Belt", "pvp_belt_enchant": 0, "stat_dmg": 154, "stat_acc": 233, "stat_def": 540, "stat_reduc": 67, "stat_resist": 456, "stat_skill_dmg_boost": 90, "stat_wpn_dmg_boost": 50, "stat_guardian": 9, "stat_conquer": 9, "total_legend_codex": 1, "weapon": "chainsword|Archangel Chainsword", "weapon_enchant": 0, "skill_frenzy": true, "skill_vital_destruction": true, "skill_infinity_strike": true, "skill_disarm": true, "skill_giant_stomp": true, "skill_absolute_spear": true, "skill_rolling_thunder": true, "skill_earthquake_stomp": true, "inheritor_books": [25]}}, {"model": "items.characterattributes", "pk": 7, "fields": {"character": 10, "epic_classes_count": 32, "epic_agathions_count": 21, "soulshot_level": 12, "valor_level": 2, "soul_prog_attack": "5-9", "soul_prog_defense": "10-14", "soul_prog_blessing": "5-9", "enchant_bracelet_holy_prot": 3, "enchant_bracelet_influence": 3, "enchant_earring_earth": 5, "enchant_earring_fire": 4, "enchant_seal_eva": 5, "pvp_helmet": "Medusa's Helm", "pvp_helmet_enchant": 6, "pvp_gloves": "Dark Crystal Gloves", "pvp_gloves_enchant": 6, "pvp_boots": "Tersi's Boots", "pvp_boots_enchant": 6, "pvp_gaiters": "Gaiters of Ice", "pvp_gaiters_enchant": 5, "pvp_top_armor": "Tersi's Robe", "pvp_top_armor_enchant": 7, "pvp_cloak": "Cloak of Freya", "pvp_cloak_enchant": 6, "pvp_sigil": "Paradia's Sigil", "pvp_sigil_enchant": 7, "pvp_necklace": "Baium's Necklace", "pvp_necklace_enchant": 6, "pvp_ring_left": "Lilith's Ring", "pvp_ring_left_enchant": 7, "pvp_ring_right": "Vereth's Ring", "pvp_ring_right_enchant": 7, "pvp_belt": "Eratone's Belt", "pvp_belt_enchant": 8, "stat_dmg": 32, "stat_acc": 54, "stat_def": 32, "stat_reduc": 54, "stat_resist": 12, "stat_skill_dmg_boost": 65, "stat_wpn_dmg_boost": 43, "stat_guardian": 3, "stat_conquer": 12, "total_legend_codex": 32, "weapon": "chainsword|Berseker Chainsword", "weapon_enchant": 7, "skill_frenzy": false, "skill_vital_destruction": true, "skill_infinity_strike": true, "skill_disarm": true, "skill_giant_stomp": true, "skill_absolute_spear": false, "skill_rolling_thunder": false, "skill_earthquake_stomp": true, "inheritor_books": [24, 25, 23]}}, {"model": "items.characterattributes", "pk": 8, "fields": {"character": 11, "epic_classes_count": 32, "epic_agathions_count": 21, "soulshot_level": 13, "valor_level": 12, "soul_prog_attack": "10-14", "soul_prog_defense": "5-9", "soul_prog_blessing": "5-9", "enchant_bracelet_holy_prot": 5, "enchant_bracelet_influence": 6, "enchant_earring_earth": 5, "enchant_earring_fire": 4, "enchant_seal_eva": 6, "pvp_helmet": "Paulina's Helmet", "pvp_helmet_enchant": 5, "pvp_gloves": "Tersi's Gloves", "pvp_gloves_enchant": 6, "pvp_boots": "Tersi's Boots", "pvp_boots_enchant": 6, "pvp_gaiters": "Shilen's Breath", "pvp_gaiters_enchant": 6, "pvp_top_armor": "Draconic Leather Armor", "pvp_top_armor_enchant": 5, "pvp_cloak": "Cloak of Freya", "pvp_cloak_enchant": 6, "pvp_sigil": "Sigil of Flames", "pvp_sigil_enchant": 7, "pvp_necklace": "Anakeem's Soul Necklace", "pvp_necklace_enchant": 6, "pvp_ring_left": "Vereth's Ring", "pvp_ring_left_enchant": 6, "pvp_ring_right": "Vereth's Ring", "pvp_ring_right_enchant": 7, "pvp_belt": "Eratone's Belt", "pvp_belt_enchant": 7, "stat_dmg": 321, "stat_acc": 432, "stat_def": 432, "stat_reduc": 32, "stat_resist": 434, "stat_skill_dmg_boost": 11, "stat_wpn_dmg_boost": 32, "stat_guardian": 3, "stat_conquer": 6, "total_legend_codex": 23, "weapon": "dagger|Crystal Dagger", "weapon_enchant": 7, "skill_frenzy": false, "skill_vital_destruction": false, "skill_infinity_strike": false, "skill_disarm": true, "skill_giant_stomp": false, "skill_absolute_spear": true, "skill_rolling_thunder": false, "skill_earthquake_stomp": true, "inheritor_books": [24, 25, 23]}}, {"model": "items.gearscorelog", "pk": 13, "fields": {"character": 7, "timestamp": "2025-10-18T11:23:02.080Z", "reason": "Character updated", "total_score": 4550.0, "dmg": 0, "acc": 0, "def_stat": 0, "reduc": 0, "resist": 0, "skill_dmg_boost": 0, "wpn_dmg_boost": 0, "soulshot": 0, "valor": 0, "guardian": 0}}, {"model": "items.gearscorelog", "pk": 14, "fields": {"character": 7, "timestamp": "2025-10-18T11:23:02.115Z", "reason": "Character updated", "total_score": 5710.0, "dmg": 0, "acc": 0, "def_stat": 0, "reduc": 0, "resist": 0, "skill_dmg_boost": 0, "wpn_dmg_boost": 0, "soulshot": 0, "valor": 0, "guardian": 0}}, {"model": "items.gearscorelog", "pk": 15, "fields": {"character": 7, "timestamp": "2026-01-30T09:28:27.925Z", "reason": "Character updated", "total_score": 905.0, "dmg": 0, "acc": 0, "def_stat": 0, "reduc": 0, "resist": 0, "skill_dmg_boost": 0, "wpn_dmg_boost": 0, "soulshot": 8, "valor": 7, "guardian": 0}}, {"model": "items.gearscorelog", "pk": 16, "fields": {"character": 7, "timestamp": "2026-01-30T09:29:10.682Z", "reason": "Character updated", "total_score": 3166.0, "dmg": 194, "acc": 271, "def_stat": 306, "reduc": 95, "resist": 279, "skill_dmg_boost": 110, "wpn_dmg_boost": 182, "soulshot": 10, "valor": 10, "guardian": 8}}, {"model": "items.gearscorelog", "pk": 17, "fields": {"character": 7, "timestamp": "2026-01-30T09:41:22.443Z", "reason": "Character updated", "total_score": 2666.0, "dmg": 194, "acc": 271, "def_stat": 306, "reduc": 95, "resist": 279, "skill_dmg_boost": 110, "wpn_dmg_boost": 182, "soulshot": 10, "valor": 10, "guardian": 8}}, {"model": "items.gearscorelog", "pk": 18, "fields": {"character": 7, "timestamp": "2026-01-30T09:42:08.599Z", "reason": "Character updated", "total_score": 2676.0, "dmg": 194, "acc": 271, "def_stat": 306, "reduc": 95, "resist": 279, "skill_dmg_boost": 110, "wpn_dmg_boost": 182, "soulshot": 10, "valor": 10, "guardian": 8}}, {"model": "items.gearscorelog", "pk": 19, "fields": {"character": 7, "timestamp": "2026-01-30T09:43:24.184Z", "reason": "Character updated", "total_score": 2666.0, "dmg": 194, "acc": 271, "def_stat": 306, "reduc": 95, "resist": 279, "skill_dmg_boost": 110, "wpn_dmg_boost": 182, "soulshot": 10, "valor": 10, "guardian": 8}}, {"model": "items.gearscorelog", "pk": 20, "fields": {"character": 7, "timestamp": "2026-01-30T10:17:49.705Z", "reason": "Character updated", "total_score": 2221.0, "dmg": 194, "acc": 271, "def_stat": 306, "reduc": 95, "resist": 279, "skill_dmg_boost": 110, "wpn_dmg_boost": 182, "soulshot": 10, "valor": 10, "guardian": 8}}, {"model": "items.gearscorelog", "pk": 21, "fields": {"character": 7, "timestamp": "2026-01-30T13:03:15.738Z", "reason": "Character updated", "total_score": 3098.0, "dmg": 194, "acc": 271, "def_stat": 306, "reduc": 95, "resist": 279, "skill_dmg_boost": 110, "wpn_dmg_boost": 182, "soulshot": 10, "valor": 10, "guardian": 8}}, {"model": "items.gearscorelog", "pk": 22, "fields": {"character": 8, "timestamp": "2026-01-30T13:30:21.003Z", "reason": "Character updated", "total_score": 0.0, "dmg": 0, "acc": 0, "def_stat": 0, "reduc": 0, "resist": 0, "skill_dmg_boost": 0, "wpn_dmg_boost": 0, "soulshot": 0, "valor": 0, "guardian": 0}}, {"model": "items.gearscorelog", "pk": 23, "fields": {"character": 8, "timestamp": "2026-01-30T13:31:22.007Z", "reason": "Character updated", "total_score": 1518.0, "dmg": 32, "acc": 23, "def_stat": 42, "reduc": 32, "resist": 12, "skill_dmg_boost": 44, "wpn_dmg_boost": 42, "soulshot": 21, "valor": 23, "guardian": 21}}, {"model": "items.gearscorelog", "pk": 24, "fields": {"character": 8, "timestamp": "2026-02-12T14:38:49.808Z", "reason": "Character updated", "total_score": 1418.0, "dmg": 32, "acc": 23, "def_stat": 42, "reduc": 32, "resist": 12, "skill_dmg_boost": 44, "wpn_dmg_boost": 42, "soulshot": 21, "valor": 13, "guardian": 21}}, {"model": "items.gearscorelog", "pk": 25, "fields": {"character": 7, "timestamp": "2026-02-14T08:32:25.269Z", "reason": "SubclassStats updated", "total_score": 3093.0, "dmg": 194, "acc": 271, "def_stat": 306, "reduc": 95, "resist": 279, "skill_dmg_boost": 110, "wpn_dmg_boost": 182, "soulshot": 10, "valor": 10, "guardian": 8}}, {"model": "items.gearscorelog", "pk": 26, "fields": {"character": 8, "timestamp": "2026-02-14T08:33:03.428Z", "reason": "SubclassStats updated", "total_score": 1548.0, "dmg": 32, "acc": 23, "def_stat": 42, "reduc": 32, "resist": 12, "skill_dmg_boost": 44, "wpn_dmg_boost": 42, "soulshot": 21, "valor": 13, "guardian": 21}}, {"model": "items.gearscorelog", "pk": 27, "fields": {"character": 7, "timestamp": "2026-02-14T08:39:54.744Z", "reason": "Character updated", "total_score": 3097.0, "dmg": 194, "acc": 271, "def_stat": 306, "reduc": 95, "resist": 279, "skill_dmg_boost": 110, "wpn_dmg_boost": 182, "soulshot": 10, "valor": 10, "guardian": 8}}, {"model": "items.gearscorelog", "pk": 28, "fields": {"character": 8, "timestamp": "2026-02-14T09:08:37.790Z", "reason": "Character updated", "total_score": 1700.0, "dmg": 32, "acc": 23, "def_stat": 42, "reduc": 32, "resist": 12, "skill_dmg_boost": 44, "wpn_dmg_boost": 42, "soulshot": 21, "valor": 13, "guardian": 21}}, {"model": "items.gearscorelog", "pk": 29, "fields": {"character": 8, "timestamp": "2026-02-14T09:15:44.100Z", "reason": "Character updated", "total_score": 1310.0, "dmg": 32, "acc": 23, "def_stat": 42, "reduc": 32, "resist": 12, "skill_dmg_boost": 44, "wpn_dmg_boost": 42, "soulshot": 13, "valor": 13, "guardian": 12}}, {"model": "items.gearscorelog", "pk": 30, "fields": {"character": 9, "timestamp": "2026-02-14T16:24:17.489Z", "reason": "Character updated", "total_score": 0.0, "dmg": 0, "acc": 0, "def_stat": 0, "reduc": 0, "resist": 0, "skill_dmg_boost": 0, "wpn_dmg_boost": 0, "soulshot": 0, "valor": 0, "guardian": 0}}, {"model": "items.gearscorelog", "pk": 31, "fields": {"character": 9, "timestamp": "2026-02-14T16:26:45.042Z", "reason": "Character updated", "total_score": 5854.0, "dmg": 754, "acc": 4560, "def_stat": 540, "reduc": 0, "resist": 0, "skill_dmg_boost": 0, "wpn_dmg_boost": 0, "soulshot": 0, "valor": 0, "guardian": 0}}, {"model": "items.gearscorelog", "pk": 32, "fields": {"character": 9, "timestamp": "2026-02-14T16:28:19.132Z", "reason": "SubclassStats updated", "total_score": 34720181.0, "dmg": 154, "acc": 233, "def_stat": 540, "reduc": 67, "resist": 456, "skill_dmg_boost": 90, "wpn_dmg_boost": 50, "soulshot": 9, "valor": 9, "guardian": 9}}, {"model": "items.gearscorelog", "pk": 33, "fields": {"character": 9, "timestamp": "2026-02-14T16:28:44.497Z", "reason": "SubclassStats updated", "total_score": 34720261.0, "dmg": 154, "acc": 233, "def_stat": 540, "reduc": 67, "resist": 456, "skill_dmg_boost": 90, "wpn_dmg_boost": 50, "soulshot": 9, "valor": 9, "guardian": 9}}, {"model": "items.gearscorelog", "pk": 34, "fields": {"character": 7, "timestamp": "2026-02-15T08:40:32.517Z", "reason": "Character updated", "total_score": 3117.0, "dmg": 194, "acc": 271, "def_stat": 306, "reduc": 95, "resist": 279, "skill_dmg_boost": 110, "wpn_dmg_boost": 182, "soulshot": 12, "valor": 10, "guardian": 8}}, {"model": "items.gearscorelog", "pk": 35, "fields": {"character": 10, "timestamp": "2026-02-15T08:58:25.271Z", "reason": "Character updated", "total_score": 0.0, "dmg": 0, "acc": 0, "def_stat": 0, "reduc": 0, "resist": 0, "skill_dmg_boost": 0, "wpn_dmg_boost": 0, "soulshot": 0, "valor": 0, "guardian": 0}}, {"model": "items.gearscorelog", "pk": 36, "fields": {"character": 11, "timestamp": "2026-02-16T09:13:18.658Z", "reason": "Character updated", "total_score": 0.0, "dmg": 0, "acc": 0, "def_stat": 0, "reduc": 0, "resist": 0, "skill_dmg_boost": 0, "wpn_dmg_boost": 0, "soulshot": 0, "valor": 0, "guardian": 0}}, {"model": "items.characteristicsstats", "pk": 1, "fields": {"character": 7, "uron_char_mag": 23, "acc_char_mag": 12, "crit_char_mag": 4, "uron_char_mele": 0, "acc_char_mele": 23, "crit_char_mele": 23, "uron_char_range": 43, "acc_char_range": 0, "crit_char_range": 41, "uror_char": 23, "dopur_char": 0, "dopurcrit_char": 0, "shdvur_char": 0, "shtrur_char": 0, "blockor_char": 22, "scoratk_char": 0, "scor_char": 0, "scormag_char": 33, "snih_char": 42, "snihurvmili": 32, "snihurvdal": 340, "snihurmag": 43, "def_char": 21, "uklvblis": 0, "uklvdal": 0, "uklvmag": 0, "sopr_char": 0, "maxhp": 0, "maxmp": 23, "vosthp": 32, "vostmp": 23, "umenmp": 0, "umenper": 0, "maksgruz": 12, "uveluror": 0, "sopruror": 0, "uvelurumen": 0, "soprurumen": 0, "snihkrit": 32, "soprkritmili": 41, "soprktitreng": 0, "soprkritmag": 0, "soprdvoinur": 0, "soprtroinur": 0, "probivblock": 0, "ignrsnishur": 0, "shansogl": 0, "soprogl": 0, "snishurogl": 0, "zashvogl": 0, "doptochogl": 0, "ignordopsnishogl": 0, "shansuder": 0, "soprudersh": 0, "snishurvsostuder": 0, "zashvsostuder": 0, "doptchpouder": 0, "ignordopshishpouder": 0, "shansagro": 0, "sopragro": 0, "shansbezmolv": 0, "soprbezmolv": 0, "shansanomal": 0, "sopranomal": 0, "umendlitanomal": 0, "uveldlitanomalsost": 0, "moshzelvost": 0, "effectzelvost": 0, "effectlech": 0, "effectpollech": 0, "absolutvosthp": 0, "absolutvostmp": 0, "ignorshtrafvosthp": 0, "ignorshtrafvostmp": 0, "tochobichattak": 0, "uronobichattak": 0, "snishuronaotobichattak": 0, "uveluronaotobichattak": 0, "sopruronuotobichattak": 0, "tochnumen": 0, "zashotumen": 0, "shansdvurotumen": 0, "soprdvoinurotumen": 0, "shanstroinurotumen": 0, "soprtroinurotumen": 0, "dopurvpvp_mele": 0, "tochnvpvp_mele": 0, "dopurvpvp_range": 0, "tochnvpvp_range": 0, "dopurvpvp_mag": 0, "tochnvpvp_mag": 0, "kritatkpvp": 0, "uklvmilipvp": 0, "uklvrengepvp": 0, "uklmagpvp": 0, "snishurvmilipvp": 0, "snishurvrengepvp": 0, "snishurvmagpvp": 0, "soprurvblishpvp": 0, "soprurvdalnpvp": 0, "soprmagurvpvp": 0, "soprurotumenvpvp": 0, "soprurotoruvpvp": 0, "shansdvoinurpvp": 0, "soprdvoinurvpvp": 0, "shanstroinurvpvp": 0, "soprtroinurvpvp": 0, "soprkritatkvpvp": 0, "dopurvpve": 0, "tochnvpve": 0, "zashvpve": 0, "snishurvpve": 0, "soproglvpve": 0, "uronvodoi": 0, "uronognem": 0, "uronvetrom": 0, "uronzemlei": 0, "uronsvyat": 0, "urontmoi": 0, "uveluronavodoi": 0, "uveluronaognem": 0, "uvelurovavetrom": 0, "uveluronazemlei": 0, "uveluronasvyat": 0, "uveluronatmoi": 0, "soprotvode": 0, "soprotogny": 0, "soprotvetry": 0, "soprotzemle": 0, "soprotsvyat": 0, "soprottme": 0, "tochnostszardushi": 0, "urotorushszardushi": 0, "uveluronaszardushi": 0, "dopurszaryaddushi": 0, "tochszaryaddushiviskach": 0, "uronotorushszarviskach": 0, "uveluronotorushsvishkach": 0, "dopurszardushiviskach": 0, "urotstreli": 0, "dalnstreli": 0, "uvelnapoeng": 0, "uvelpoluchengzaporysh": 0, "umenshrasheng": 0, "bonuskopyt": 0}}, {"model": "items.characteristicsstats", "pk": 2, "fields": {"character": 8, "uron_char_mag": 23, "acc_char_mag": 42, "crit_char_mag": 0, "uron_char_mele": 0, "acc_char_mele": 23, "crit_char_mele": 0, "uron_char_range": 0, "acc_char_range": 0, "crit_char_range": 0, "uror_char": 32, "dopur_char": 32, "dopurcrit_char": 0, "shdvur_char": 0, "shtrur_char": 0, "blockor_char": 0, "scoratk_char": 0, "scor_char": 0, "scormag_char": 0, "snih_char": 0, "snihurvmili": 0, "snihurvdal": 0, "snihurmag": 0, "def_char": 0, "uklvblis": 0, "uklvdal": 0, "uklvmag": 0, "sopr_char": 0, "maxhp": 0, "maxmp": 0, "vosthp": 0, "vostmp": 0, "umenmp": 0, "umenper": 0, "maksgruz": 0, "uveluror": 0, "sopruror": 0, "uvelurumen": 0, "soprurumen": 0, "snihkrit": 0, "soprkritmili": 0, "soprktitreng": 0, "soprkritmag": 0, "soprdvoinur": 0, "soprtroinur": 0, "probivblock": 0, "ignrsnishur": 0, "shansogl": 0, "soprogl": 0, "snishurogl": 0, "zashvogl": 0, "doptochogl": 0, "ignordopsnishogl": 0, "shansuder": 0, "soprudersh": 0, "snishurvsostuder": 0, "zashvsostuder": 0, "doptchpouder": 0, "ignordopshishpouder": 0, "shansagro": 0, "sopragro": 0, "shansbezmolv": 0, "soprbezmolv": 0, "shansanomal": 0, "sopranomal": 0, "umendlitanomal": 0, "uveldlitanomalsost": 0, "moshzelvost": 0, "effectzelvost": 0, "effectlech": 0, "effectpollech": 0, "absolutvosthp": 0, "absolutvostmp": 0, "ignorshtrafvosthp": 0, "ignorshtrafvostmp": 0, "tochobichattak": 0, "uronobichattak": 0, "snishuronaotobichattak": 0, "uveluronaotobichattak": 0, "sopruronuotobichattak": 0, "tochnumen": 0, "zashotumen": 0, "shansdvurotumen": 0, "soprdvoinurotumen": 0, "shanstroinurotumen": 0, "soprtroinurotumen": 0, "dopurvpvp_mele": 0, "tochnvpvp_mele": 0, "dopurvpvp_range": 0, "tochnvpvp_range": 0, "dopurvpvp_mag": 0, "tochnvpvp_mag": 0, "kritatkpvp": 0, "uklvmilipvp": 0, "uklvrengepvp": 0, "uklmagpvp": 0, "snishurvmilipvp": 0, "snishurvrengepvp": 0, "snishurvmagpvp": 0, "soprurvblishpvp": 0, "soprurvdalnpvp": 0, "soprmagurvpvp": 0, "soprurotumenvpvp": 0, "soprurotoruvpvp": 0, "shansdvoinurpvp": 0, "soprdvoinurvpvp": 0, "shanstroinurvpvp": 0, "soprtroinurvpvp": 0, "soprkritatkvpvp": 0, "dopurvpve": 0, "tochnvpve": 0, "zashvpve": 0, "snishurvpve": 0, "soproglvpve": 0, "uronvodoi": 0, "uronognem": 0, "uronvetrom": 0, "uronzemlei": 0, "uronsvyat": 0, "urontmoi": 0, "uveluronavodoi": 0, "uveluronaognem": 0, "uvelurovavetrom": 0, "uveluronazemlei": 0, "uveluronasvyat": 0, "uveluronatmoi": 0, "soprotvode": 0, "soprotogny": 0, "soprotvetry": 0, "soprotzemle": 0, "soprotsvyat": 0, "soprottme": 0, "tochnostszardushi": 0, "urotorushszardushi": 0, "uveluronaszardushi": 0, "dopurszaryaddushi": 0, "tochszaryaddushiviskach": 0, "uronotorushszarviskach": 0, "uveluronotorushsvishkach": 0, "dopurszardushiviskach": 0, "urotstreli": 0, "dalnstreli": 0, "uvelnapoeng": 0, "uvelpoluchengzaporysh": 0, "umenshrasheng": 0, "bonuskopyt": 0}}, {"model": "items.characteristicsstats", "pk": 3, "fields": {"character": 9, "uron_char_mag": 123, "acc_char_mag": 321, "crit_char_mag": 321, "uron_char_mele": 312, "acc_char_mele": 13, "crit_char_mele": 123, "uron_char_range": 3312, "acc_char_range": 312, "crit_char_range": 321, "uror_char": 132, "dopur_char": 312, "dopurcrit_char": 3123, "shdvur_char": 312, "shtrur_char": 132, "blockor_char": 3, "scoratk_char": 132, "scor_char": 321, "scormag_char": 13, "snih_char": 321, "snihurvmili": 321, "snihurvdal": 312, "snihurmag": 213, "def_char": 123, "uklvblis": 312, "uklvdal": 213, "uklvmag": 231, "sopr_char": 312, "maxhp": 31234, "maxmp": 34422, "vosthp": 423, "vostmp": 231, "umenmp": 312, "umenper": 312, "maksgruz": 34325241, "uveluror": 312132, "sopruror": 321, "uvelurumen": 321, "soprurumen": 321, "snihkrit": 312, "soprkritmili": 321, "soprktitreng": 0, "soprkritmag": 0, "soprdvoinur": 0, "soprtroinur": 0, "probivblock": 0, "ignrsnishur": 0, "shansogl": 0, "soprogl": 0, "snishurogl": 0, "zashvogl": 0, "doptochogl": 0, "ignordopsnishogl": 0, "shansuder": 0, "soprudersh": 0, "snishurvsostuder": 0, "zashvsostuder": 0, "doptchpouder": 0, "ignordopshishpouder": 0, "shansagro": 0, "sopragro": 0, "shansbezmolv": 0, "soprbezmolv": 0, "shansanomal": 0, "sopranomal": 0, "umendlitanomal": 0, "uveldlitanomalsost": 0, "moshzelvost": 0, "effectzelvost": 0, "effectlech": 0, "effectpollech": 0, "absolutvosthp": 0, "absolutvostmp": 0, "ignorshtrafvosthp": 0, "ignorshtrafvostmp": 0, "tochobichattak": 0, "uronobichattak": 0, "snishuronaotobichattak": 0, "uveluronaotobichattak": 0, "sopruronuotobichattak": 0, "tochnumen": 0, "zashotumen": 0, "shansdvurotumen": 0, "soprdvoinurotumen": 0, "shanstroinurotumen": 0, "soprtroinurotumen": 0, "dopurvpvp_mele": 0, "tochnvpvp_mele": 0, "dopurvpvp_range": 0, "tochnvpvp_range": 0, "dopurvpvp_mag": 0, "tochnvpvp_mag": 0, "kritatkpvp": 0, "uklvmilipvp": 0, "uklvrengepvp": 0, "uklmagpvp": 0, "snishurvmilipvp": 0, "snishurvrengepvp": 0, "snishurvmagpvp": 0, "soprurvblishpvp": 0, "soprurvdalnpvp": 0, "soprmagurvpvp": 0, "soprurotumenvpvp": 0, "soprurotoruvpvp": 0, "shansdvoinurpvp": 0, "soprdvoinurvpvp": 0, "shanstroinurvpvp": 0, "soprtroinurvpvp": 0, "soprkritatkvpvp": 0, "dopurvpve": 0, "tochnvpve": 0, "zashvpve": 0, "snishurvpve": 0, "soproglvpve": 0, "uronvodoi": 0, "uronognem": 0, "uronvetrom": 0, "uronzemlei": 0, "uronsvyat": 0, "urontmoi": 0, "uveluronavodoi": 0, "uveluronaognem": 0, "uvelurovavetrom": 0, "uveluronazemlei": 0, "uveluronasvyat": 0, "uveluronatmoi": 0, "soprotvode": 0, "soprotogny": 0, "soprotvetry": 0, "soprotzemle": 0, "soprotsvyat": 0, "soprottme": 0, "tochnostszardushi": 0, "urotorushszardushi": 0, "uveluronaszardushi": 0, "dopurszaryaddushi": 0, "tochszaryaddushiviskach": 0, "uronotorushszarviskach": 0, "uveluronotorushsvishkach": 0, "dopurszardushiviskach": 0, "urotstreli": 0, "dalnstreli": 0, "uvelnapoeng": 0, "uvelpoluchengzaporysh": 0, "umenshrasheng": 0, "bonuskopyt": 0}}, {"model": "items.activityevent", "pk": 23, "fields": {"event_id": "INVASION_8DFAEC4B", "name": "invasion 1", "event_type": "INVASION", "date": "2026-02-05T16:44:00Z", "is_completed": true, "is_finalized": false, "is_win": false, "bosses_killed": {}, "dragon_beast_points": 10, "carnifex_points": 15, "orfen_points": 25, "custom_points": 10, "created_at": "2026-02-05T08:45:07.622Z", "updated_at": "2026-02-05T08:45:24.490Z"}}, {"model": "items.activityevent", "pk": 24, "fields": {"event_id": "BOSS_RUSH_7531C731", "name": "boss rush 01", "event_type": "BOSS_RUSH", "date": "2026-02-05T16:47:00Z", "is_completed": true, "is_finalized": false, "is_win": true, "bosses_killed": {}, "dragon_beast_points": 10, "carnifex_points": 15, "orfen_points": 25, "custom_points": 10, "created_at": "2026-02-05T08:47:28.414Z", "updated_at": "2026-02-05T08:48:27.028Z"}}, {"model": "items.activityevent", "pk": 32, "fields": {"event_id": "INVASION_69C13419", "name": "tessss", "event_type": "INVASION", "date": "2026-02-11T23:51:00Z", "is_completed": true, "is_finalized": false, "is_win": false, "bosses_killed": {}, "dragon_beast_points": 10, "carnifex_points": 15, "orfen_points": 25, "custom_points": 10, "created_at": "2026-02-11T15:52:06.943Z", "updated_at": "2026-02-11T15:54:50.138Z"}}, {"model": "items.activityevent", "pk": 33, "fields": {"event_id": "INVASION_DAC951B3", "name": "invasionnnn", "event_type": "INVASION", "date": "2026-02-12T00:06:00Z", "is_completed": true, "is_finalized": false, "is_win": false, "bosses_killed": {}, "dragon_beast_points": 10, "carnifex_points": 15, "orfen_points": 25, "custom_points": 10, "created_at": "2026-02-11T16:06:26.405Z", "updated_at": "2026-02-11T16:08:21.156Z"}}, {"model": "items.activityevent", "pk": 34, "fields": {"event_id": "INVASION_F1D969DE", "name": "sdfsdfsfsd", "event_type": "INVASION", "date": "2026-02-12T11:58:00Z", "is_completed": true, "is_finalized": false, "is_win": false, "bosses_killed": {"orfen": false, "carnifex": false, "dragon_beast": false}, "dragon_beast_points": 10, "carnifex_points": 15, "orfen_points": 25, "custom_points": 10, "created_at": "2026-02-12T03:58:35.211Z", "updated_at": "2026-02-12T13:31:24.470Z"}}, {"model": "items.activityevent", "pk": 35, "fields": {"event_id": "CUSTOM_0F73BF1E", "name": "event coba", "event_type": "CUSTOM", "date": "2026-02-12T21:21:00Z", "is_completed": true, "is_finalized": false, "is_win": false, "bosses_killed": {}, "dragon_beast_points": 10, "carnifex_points": 15, "orfen_points": 25, "custom_points": 10, "created_at": "2026-02-12T13:21:48.192Z", "updated_at": "2026-02-12T13:31:21.941Z"}}, {"model": "items.activityevent", "pk": 36, "fields": {"event_id": "CUSTOM_B3B233F0", "name": "event ularr", "event_type": "CUSTOM", "date": "2026-02-12T21:30:00Z", "is_completed": true, "is_finalized": false, "is_win": false, "bosses_killed": {}, "dragon_beast_points": 10, "carnifex_points": 15, "orfen_points": 25, "custom_points": 25, "created_at": "2026-02-12T13:31:06.819Z", "updated_at": "2026-02-12T13:31:18.613Z"}}, {"model": "items.activityevent", "pk": 37, "fields": {"event_id": "CUSTOM_3A60E938", "name": "PVP tourni (1000 diamonds)", "event_type": "CUSTOM", "date": "2026-02-12T22:50:00Z", "is_completed": true, "is_finalized": false, "is_win": false, "bosses_killed": {"orfen": false, "carnifex": false, "dragon_beast": false}, "dragon_beast_points": 10, "carnifex_points": 15, "orfen_points": 25, "custom_points": 10, "created_at": "2026-02-12T14:51:03.751Z", "updated_at": "2026-02-15T08:47:50.532Z"}}, {"model": "items.activityevent", "pk": 38, "fields": {"event_id": "CUSTOM_E9B1A3E1", "name": "coba evenettt lagiii (hadiah diamon 1000)", "event_type": "CUSTOM", "date": "2026-02-14T23:03:00Z", "is_completed": true, "is_finalized": false, "is_win": false, "bosses_killed": {}, "dragon_beast_points": 10, "carnifex_points": 15, "orfen_points": 25, "custom_points": 30, "created_at": "2026-02-14T15:03:37.440Z", "updated_at": "2026-02-14T15:04:00.873Z"}}, {"model": "items.activityevent", "pk": 39, "fields": {"event_id": "INVASION_CC66605B", "name": "invasiiii 69", "event_type": "INVASION", "date": "2026-02-15T17:35:00Z", "is_completed": true, "is_finalized": false, "is_win": false, "bosses_killed": {}, "dragon_beast_points": 100, "carnifex_points": 150, "orfen_points": 250, "custom_points": 10, "created_at": "2026-02-15T09:35:39.067Z", "updated_at": "2026-02-15T09:37:57.584Z"}}, {"model": "items.activityevent", "pk": 40, "fields": {"event_id": "INVASION_3167149F", "name": "ewqewqewqdsadas", "event_type": "INVASION", "date": "2026-02-15T17:38:00Z", "is_completed": true, "is_finalized": false, "is_win": false, "bosses_killed": {}, "dragon_beast_points": 100, "carnifex_points": 150, "orfen_points": 250, "custom_points": 10, "created_at": "2026-02-15T09:38:21.788Z", "updated_at": "2026-02-15T09:38:47.609Z"}}, {"model": "items.activityevent", "pk": 41, "fields": {"event_id": "INVASION_2D0F6D5C", "name": "dsfdsfdscvds", "event_type": "INVASION", "date": "2026-02-15T17:42:00Z", "is_completed": true, "is_finalized": false, "is_win": false, "bosses_killed": {}, "dragon_beast_points": 50, "carnifex_points": 100, "orfen_points": 150, "custom_points": 10, "created_at": "2026-02-15T09:42:16.462Z", "updated_at": "2026-02-15T09:42:54.742Z"}}, {"model": "items.activityevent", "pk": 42, "fields": {"event_id": "CUSTOM_82B664F9", "name": "event cobaewqewqewqeqw (1000 diamonds)", "event_type": "CUSTOM", "date": "2026-02-15T18:19:00Z", "is_completed": false, "is_finalized": false, "is_win": false, "bosses_killed": {}, "dragon_beast_points": 10, "carnifex_points": 15, "orfen_points": 25, "custom_points": 100, "created_at": "2026-02-15T10:20:31.361Z", "updated_at": "2026-02-15T10:20:31.361Z"}}, {"model": "items.playeractivity", "pk": 25, "fields": {"player": 7, "event": 23, "discord_user_id": "", "status": "ATTENDED", "is_verified": false, "points_earned": 55, "checked_in_at": "2026-02-05T08:45:20.534Z", "bosses_killed": {"orfen": true, "carnifex": true, "dragon_beast": true}}}, {"model": "items.playeractivity", "pk": 26, "fields": {"player": 8, "event": 23, "discord_user_id": "", "status": "ATTENDED", "is_verified": false, "points_earned": 45, "checked_in_at": "2026-02-05T08:45:20.543Z", "bosses_killed": {"orfen": true, "carnifex": true, "dragon_beast": false}}}, {"model": "items.playeractivity", "pk": 27, "fields": {"player": 7, "event": 24, "discord_user_id": "", "status": "ATTENDED", "is_verified": false, "points_earned": 30, "checked_in_at": "2026-02-05T08:47:39.281Z", "bosses_killed": {}}}, {"model": "items.playeractivity", "pk": 28, "fields": {"player": 8, "event": 24, "discord_user_id": "", "status": "ATTENDED", "is_verified": false, "points_earned": 30, "checked_in_at": "2026-02-05T08:47:39.297Z", "bosses_killed": {}}}, {"model": "items.playeractivity", "pk": 33, "fields": {"player": 7, "event": 32, "discord_user_id": "563660302466678801", "status": "ATTENDED", "is_verified": false, "points_earned": 5, "checked_in_at": "2026-02-11T15:53:29.413Z", "bosses_killed": {"orfen": true, "carnifex": false, "dragon_beast": true}}}, {"model": "items.playeractivity", "pk": 34, "fields": {"player": 8, "event": 32, "discord_user_id": "1467027835259453625", "status": "ATTENDED", "is_verified": false, "points_earned": 5, "checked_in_at": "2026-02-11T15:53:39.027Z", "bosses_killed": {"orfen": true, "carnifex": true, "dragon_beast": true}}}, {"model": "items.playeractivity", "pk": 35, "fields": {"player": 7, "event": 33, "discord_user_id": "563660302466678801", "status": "ATTENDED", "is_verified": false, "points_earned": 5, "checked_in_at": "2026-02-11T16:07:42.166Z", "bosses_killed": {"orfen": true, "carnifex": false, "dragon_beast": true}}}, {"model": "items.playeractivity", "pk": 36, "fields": {"player": 8, "event": 33, "discord_user_id": "1467027835259453625", "status": "ATTENDED", "is_verified": false, "points_earned": 5, "checked_in_at": "2026-02-11T16:07:52.063Z", "bosses_killed": {"orfen": true, "carnifex": true, "dragon_beast": false}}}, {"model": "items.playeractivity", "pk": 37, "fields": {"player": 8, "event": 34, "discord_user_id": "", "status": "ATTENDED", "is_verified": false, "points_earned": 30, "checked_in_at": "2026-02-12T13:06:30.221Z", "bosses_killed": {"orfen": false, "carnifex": true, "dragon_beast": true}}}, {"model": "items.playeractivity", "pk": 38, "fields": {"player": 7, "event": 34, "discord_user_id": "", "status": "ATTENDED", "is_verified": false, "points_earned": 45, "checked_in_at": "2026-02-12T13:06:30.509Z", "bosses_killed": {"orfen": true, "carnifex": true, "dragon_beast": false}}}, {"model": "items.playeractivity", "pk": 39, "fields": {"player": 8, "event": 35, "discord_user_id": "", "status": "ATTENDED", "is_verified": false, "points_earned": 10, "checked_in_at": "2026-02-12T13:22:00.722Z", "bosses_killed": {}}}, {"model": "items.playeractivity", "pk": 40, "fields": {"player": 7, "event": 35, "discord_user_id": "", "status": "ATTENDED", "is_verified": false, "points_earned": 10, "checked_in_at": "2026-02-12T13:22:00.733Z", "bosses_killed": {}}}, {"model": "items.playeractivity", "pk": 41, "fields": {"player": 8, "event": 36, "discord_user_id": "", "status": "ATTENDED", "is_verified": false, "points_earned": 25, "checked_in_at": "2026-02-12T13:31:13.883Z", "bosses_killed": {}}}, {"model": "items.playeractivity", "pk": 42, "fields": {"player": 7, "event": 36, "discord_user_id": "", "status": "ATTENDED", "is_verified": false, "points_earned": 25, "checked_in_at": "2026-02-12T13:31:13.895Z", "bosses_killed": {}}}, {"model": "items.playeractivity", "pk": 43, "fields": {"player": 7, "event": 38, "discord_user_id": "", "status": "ATTENDED", "is_verified": false, "points_earned": 30, "checked_in_at": "2026-02-14T15:03:53.096Z", "bosses_killed": {}}}, {"model": "items.playeractivity", "pk": 44, "fields": {"player": 8, "event": 38, "discord_user_id": "", "status": "ATTENDED", "is_verified": false, "points_earned": 30, "checked_in_at": "2026-02-14T15:03:53.211Z", "bosses_killed": {}}}, {"model": "items.playeractivity", "pk": 45, "fields": {"player": 8, "event": 39, "discord_user_id": "", "status": "ATTENDED", "is_verified": false, "points_earned": 5, "checked_in_at": "2026-02-15T09:35:56.652Z", "bosses_killed": {"orfen": true, "carnifex": true, "dragon_beast": true}}}, {"model": "items.playeractivity", "pk": 46, "fields": {"player": 9, "event": 39, "discord_user_id": "", "status": "ATTENDED", "is_verified": false, "points_earned": 5, "checked_in_at": "2026-02-15T09:35:56.701Z", "bosses_killed": {"orfen": false, "carnifex": true, "dragon_beast": false}}}, {"model": "items.playeractivity", "pk": 47, "fields": {"player": 7, "event": 39, "discord_user_id": "", "status": "ATTENDED", "is_verified": false, "points_earned": 5, "checked_in_at": "2026-02-15T09:35:56.713Z", "bosses_killed": {"orfen": false, "carnifex": true, "dragon_beast": true}}}, {"model": "items.playeractivity", "pk": 48, "fields": {"player": 10, "event": 39, "discord_user_id": "", "status": "ATTENDED", "is_verified": false, "points_earned": 5, "checked_in_at": "2026-02-15T09:35:56.734Z", "bosses_killed": {"orfen": true, "carnifex": true, "dragon_beast": false}}}, {"model": "items.playeractivity", "pk": 49, "fields": {"player": 8, "event": 40, "discord_user_id": "", "status": "ATTENDED", "is_verified": false, "points_earned": 40, "checked_in_at": "2026-02-15T09:38:43.489Z", "bosses_killed": {"orfen": true, "carnifex": false, "dragon_beast": true}}}, {"model": "items.playeractivity", "pk": 50, "fields": {"player": 9, "event": 40, "discord_user_id": "", "status": "ATTENDED", "is_verified": false, "points_earned": 30, "checked_in_at": "2026-02-15T09:38:43.498Z", "bosses_killed": {"orfen": false, "carnifex": true, "dragon_beast": true}}}, {"model": "items.playeractivity", "pk": 51, "fields": {"player": 7, "event": 40, "discord_user_id": "", "status": "ATTENDED", "is_verified": false, "points_earned": 20, "checked_in_at": "2026-02-15T09:38:43.507Z", "bosses_killed": {"orfen": false, "carnifex": true, "dragon_beast": false}}}, {"model": "items.playeractivity", "pk": 52, "fields": {"player": 10, "event": 40, "discord_user_id": "", "status": "ATTENDED", "is_verified": false, "points_earned": 40, "checked_in_at": "2026-02-15T09:38:43.515Z", "bosses_killed": {"orfen": true, "carnifex": false, "dragon_beast": true}}}, {"model": "items.playeractivity", "pk": 53, "fields": {"player": 8, "event": 41, "discord_user_id": "", "status": "ATTENDED", "is_verified": false, "points_earned": 305, "checked_in_at": "2026-02-15T09:42:50.519Z", "bosses_killed": {"orfen": true, "carnifex": true, "dragon_beast": true}}}, {"model": "items.playeractivity", "pk": 54, "fields": {"player": 9, "event": 41, "discord_user_id": "", "status": "ATTENDED", "is_verified": false, "points_earned": 105, "checked_in_at": "2026-02-15T09:42:50.528Z", "bosses_killed": {"orfen": false, "carnifex": true, "dragon_beast": false}}}, {"model": "items.playeractivity", "pk": 55, "fields": {"player": 7, "event": 41, "discord_user_id": "", "status": "ATTENDED", "is_verified": false, "points_earned": 155, "checked_in_at": "2026-02-15T09:42:50.538Z", "bosses_killed": {"orfen": false, "carnifex": true, "dragon_beast": true}}}, {"model": "items.playeractivity", "pk": 56, "fields": {"player": 10, "event": 41, "discord_user_id": "", "status": "ATTENDED", "is_verified": false, "points_earned": 305, "checked_in_at": "2026-02-15T09:42:50.545Z", "bosses_killed": {"orfen": true, "carnifex": true, "dragon_beast": true}}}, {"model": "items.playeractivity", "pk": 57, "fields": {"player": 7, "event": 42, "discord_user_id": "563660302466678801", "status": "ATTENDED", "is_verified": false, "points_earned": 100, "checked_in_at": "2026-02-15T10:20:57.390Z", "bosses_killed": {}}}, {"model": "items.prizepoolconfig", "pk": 1, "fields": {"total_pool": 10000, "elite_percentage": 0.2, "core_percentage": 0.7, "active_percentage": 0.1, "casual_percentage": 0.0, "updated_at": "2026-02-05T09:16:09.558Z", "updated_by": "System Update"}}, {"model": "items.monthlyreport", "pk": 5, "fields": {"month": "2026-02-01", "player": 7, "total_events": 13, "attended_events": 12, "attendance_rate": 0.9230769230769231, "activity_score": 485, "consistency_bonus": 150, "decay_penalty": 0, "manual_adjustment": 0, "total_score": 635, "tier": "CASUAL", "is_qualified": false, "prize_amount": 0, "created_at": "2026-02-05T08:45:20.568Z", "updated_at": "2026-02-15T10:20:57.443Z"}}, {"model": "items.monthlyreport", "pk": 6, "fields": {"month": "2026-02-01", "player": 8, "total_events": 13, "attended_events": 11, "attendance_rate": 0.8461538461538461, "activity_score": 530, "consistency_bonus": 100, "decay_penalty": 0, "manual_adjustment": 0, "total_score": 630, "tier": "CASUAL", "is_qualified": false, "prize_amount": 0, "created_at": "2026-02-05T08:45:20.586Z", "updated_at": "2026-02-15T10:20:57.419Z"}}, {"model": "items.monthlyreport", "pk": 7, "fields": {"month": "2026-02-01", "player": 9, "total_events": 13, "attended_events": 3, "attendance_rate": 0.23076923076923078, "activity_score": 140, "consistency_bonus": 0, "decay_penalty": 0, "manual_adjustment": 0, "total_score": 140, "tier": "CASUAL", "is_qualified": false, "prize_amount": 0, "created_at": "2026-02-15T08:47:50.631Z", "updated_at": "2026-02-15T10:20:57.430Z"}}, {"model": "items.monthlyreport", "pk": 8, "fields": {"month": "2026-02-01", "player": 10, "total_events": 13, "attended_events": 3, "attendance_rate": 0.23076923076923078, "activity_score": 350, "consistency_bonus": 0, "decay_penalty": 0, "manual_adjustment": 0, "total_score": 350, "tier": "CASUAL", "is_qualified": false, "prize_amount": 0, "created_at": "2026-02-15T09:35:56.827Z", "updated_at": "2026-02-15T10:20:57.454Z"}}, {"model": "dkp.dkpprofile", "pk": 5, "fields": {"character": 7, "current_dkp": 10478, "total_earned": 16514, "last_decay_percent": 2.0}}, {"model": "dkp.dkpprofile", "pk": 6, "fields": {"character": 8, "current_dkp": 11590, "total_earned": 16640, "last_decay_percent": 2.0}}, {"model": "dkp.dkpprofile", "pk": 7, "fields": {"character": 9, "current_dkp": 3000, "total_earned": 3000, "last_decay_percent": 0.0}}, {"model": "dkp.dkpprofile", "pk": 8, "fields": {"character": 11, "current_dkp": 3000, "total_earned": 3000, "last_decay_percent": 0.0}}, {"model": "dkp.dkpevent", "pk": 10, "fields": {"name": "Raid Black Dragon (03)", "date": "2026-02-06T14:34:32.016Z", "is_active": false, "is_closed": false, "is_finalized": false, "points_to_award": 20, "description": ""}}, {"model": "dkp.dkpevent", "pk": 11, "fields": {"name": "Raid Black DOG (12)", "date": "2026-02-11T15:56:19.623Z", "is_active": false, "is_closed": true, "is_finalized": false, "points_to_award": 10, "description": ""}}, {"model": "dkp.dkpevent", "pk": 12, "fields": {"name": "BLack Dragon (99)", "date": "2026-02-11T16:09:03.004Z", "is_active": false, "is_closed": false, "is_finalized": false, "points_to_award": 10, "description": ""}}, {"model": "dkp.dkpevent", "pk": 13, "fields": {"name": "user rtess (01)", "date": "2026-02-14T14:54:05.959Z", "is_active": false, "is_closed": false, "is_finalized": false, "points_to_award": 20, "description": ""}}, {"model": "dkp.dkpevent", "pk": 14, "fields": {"name": "even baruuu black (12)", "date": "2026-02-16T09:32:37.744Z", "is_active": false, "is_closed": false, "is_finalized": false, "points_to_award": 20, "description": ""}}, {"model": "dkp.dkpevent", "pk": 15, "fields": {"name": "eventt lagiiiii 16 2 (16 2 26)", "date": "2026-02-16T09:40:07.871Z", "is_active": false, "is_closed": true, "is_finalized": false, "points_to_award": 30, "description": ""}}, {"model": "dkp.dkpevent", "pk": 16, "fields": {"name": "tesdsfdslk fdsjklds ds (1321wq)", "date": "2026-02-16T09:46:00.919Z", "is_active": true, "is_closed": false, "is_finalized": false, "points_to_award": 20, "description": ""}}, {"model": "dkp.dkpattendance", "pk": 11, "fields": {"event": 10, "character": 7, "check_in_time": "2026-02-06T14:35:05.645Z", "is_verified": true}}, {"model": "dkp.dkpattendance", "pk": 12, "fields": {"event": 10, "character": 8, "check_in_time": "2026-02-06T14:35:11.564Z", "is_verified": true}}, {"model": "dkp.dkpattendance", "pk": 13, "fields": {"event": 11, "character": 7, "check_in_time": "2026-02-11T15:56:57.404Z", "is_verified": true}}, {"model": "dkp.dkpattendance", "pk": 14, "fields": {"event": 11, "character": 8, "check_in_time": "2026-02-11T15:57:09.767Z", "is_verified": true}}, {"model": "dkp.dkpattendance", "pk": 15, "fields": {"event": 12, "character": 7, "check_in_time": "2026-02-11T16:09:23.502Z", "is_verified": true}}, {"model": "dkp.dkpattendance", "pk": 16, "fields": {"event": 12, "character": 8, "check_in_time": "2026-02-11T16:09:28.198Z", "is_verified": true}}, {"model": "dkp.dkpattendance", "pk": 17, "fields": {"event": 13, "character": 7, "check_in_time": "2026-02-15T09:04:33.096Z", "is_verified": true}}, {"model": "dkp.dkpattendance", "pk": 18, "fields": {"event": 13, "character": 8, "check_in_time": "2026-02-16T09:18:20.427Z", "is_verified": true}}, {"model": "dkp.dkpattendance", "pk": 19, "fields": {"event": 14, "character": 8, "check_in_time": "2026-02-16T09:33:22.981Z", "is_verified": true}}, {"model": "dkp.dkpattendance", "pk": 20, "fields": {"event": 14, "character": 7, "check_in_time": "2026-02-16T09:33:29.051Z", "is_verified": true}}, {"model": "dkp.dkpattendance", "pk": 21, "fields": {"event": 15, "character": 7, "check_in_time": "2026-02-16T09:40:28.537Z", "is_verified": true}}, {"model": "dkp.dkpattendance", "pk": 22, "fields": {"event": 15, "character": 8, "check_in_time": "2026-02-16T09:40:47.005Z", "is_verified": true}}, {"model": "dkp.dkpattendance", "pk": 23, "fields": {"event": 16, "character": 7, "check_in_time": "2026-02-16T09:46:27.199Z", "is_verified": true}}, {"model": "dkp.dkpattendance", "pk": 24, "fields": {"event": 16, "character": 8, "check_in_time": "2026-02-16T09:46:30.041Z", "is_verified": true}}, {"model": "dkp.dkplog", "pk": 6, "fields": {"profile": 6, "amount": 10, "reason": "Event: Vivo X110 Pro (01)", "created_at": "2026-02-06T14:33:48.095Z", "created_by": 1}}, {"model": "dkp.dkplog", "pk": 7, "fields": {"profile": 5, "amount": 10, "reason": "Event: Vivo X110 Pro (01)", "created_at": "2026-02-06T14:33:49.174Z", "created_by": 1}}, {"model": "dkp.dkplog", "pk": 8, "fields": {"profile": 6, "amount": 20, "reason": "Event: Raid Black Dragon (03)", "created_at": "2026-02-06T14:35:36.115Z", "created_by": 1}}, {"model": "dkp.dkplog", "pk": 9, "fields": {"profile": 5, "amount": 20, "reason": "Event: Raid Black Dragon (03)", "created_at": "2026-02-06T14:35:37.568Z", "created_by": 1}}, {"model": "dkp.dkplog", "pk": 10, "fields": {"profile": 6, "amount": 10, "reason": "Event: Raid Black DOG (12)", "created_at": "2026-02-11T15:57:25.451Z", "created_by": 1}}, {"model": "dkp.dkplog", "pk": 11, "fields": {"profile": 5, "amount": 10, "reason": "Event: Raid Black DOG (12)", "created_at": "2026-02-11T15:57:27.035Z", "created_by": 1}}, {"model": "dkp.dkplog", "pk": 12, "fields": {"profile": 6, "amount": 10, "reason": "Event: BLack Dragon (99)", "created_at": "2026-02-11T16:09:36.893Z", "created_by": 1}}, {"model": "dkp.dkplog", "pk": 13, "fields": {"profile": 5, "amount": 10, "reason": "Event: BLack Dragon (99)", "created_at": "2026-02-11T16:09:38.542Z", "created_by": 1}}, {"model": "dkp.dkplog", "pk": 14, "fields": {"profile": 6, "amount": -1, "reason": "DKP Decay (1.0%)", "created_at": "2026-02-12T13:41:05.175Z", "created_by": 1}}, {"model": "dkp.dkplog", "pk": 15, "fields": {"profile": 5, "amount": -1, "reason": "DKP Decay (1.0%)", "created_at": "2026-02-12T13:41:05.267Z", "created_by": 1}}, {"model": "dkp.dkplog", "pk": 16, "fields": {"profile": 6, "amount": -1, "reason": "DKP Decay (2.0%)", "created_at": "2026-02-12T13:41:13.887Z", "created_by": 1}}, {"model": "dkp.dkplog", "pk": 17, "fields": {"profile": 5, "amount": -1, "reason": "DKP Decay (2.0%)", "created_at": "2026-02-12T13:41:13.894Z", "created_by": 1}}, {"model": "dkp.dkplog", "pk": 18, "fields": {"profile": 5, "amount": -1, "reason": "DKP Decay (4.0%)", "created_at": "2026-02-12T13:44:38.445Z", "created_by": 1}}, {"model": "dkp.dkplog", "pk": 19, "fields": {"profile": 5, "amount": -1, "reason": "DKP Decay (4.0%)", "created_at": "2026-02-12T13:44:56.578Z", "created_by": 1}}, {"model": "dkp.dkplog", "pk": 20, "fields": {"profile": 5, "amount": -2, "reason": "DKP Decay (5.0%)", "created_at": "2026-02-12T13:45:03.903Z", "created_by": 1}}, {"model": "dkp.dkplog", "pk": 21, "fields": {"profile": 5, "amount": -2, "reason": "DKP Decay (5.0%)", "created_at": "2026-02-12T13:45:08.234Z", "created_by": 1}}, {"model": "dkp.dkplog", "pk": 22, "fields": {"profile": 5, "amount": -1, "reason": "DKP Decay (4.0%)", "created_at": "2026-02-12T13:45:15.439Z", "created_by": 1}}, {"model": "dkp.dkplog", "pk": 23, "fields": {"profile": 5, "amount": -1, "reason": "DKP Decay (4.0%)", "created_at": "2026-02-12T13:45:30.393Z", "created_by": 1}}, {"model": "dkp.dkplog", "pk": 24, "fields": {"profile": 6, "amount": -1, "reason": "DKP Decay (1.0%)", "created_at": "2026-02-12T13:46:01.419Z", "created_by": 1}}, {"model": "dkp.dkplog", "pk": 25, "fields": {"profile": 6, "amount": -1, "reason": "DKP Decay (1.0%)", "created_at": "2026-02-12T13:46:01.994Z", "created_by": 1}}, {"model": "dkp.dkplog", "pk": 26, "fields": {"profile": 6, "amount": -1, "reason": "DKP Decay (2.0%)", "created_at": "2026-02-12T13:46:07.028Z", "created_by": 1}}, {"model": "dkp.dkplog", "pk": 27, "fields": {"profile": 6, "amount": -1, "reason": "DKP Decay (1.0%)", "created_at": "2026-02-12T13:47:14.397Z", "created_by": 1}}, {"model": "dkp.dkplog", "pk": 28, "fields": {"profile": 6, "amount": -2, "reason": "DKP Decay (5.0%)", "created_at": "2026-02-12T13:52:19.556Z", "created_by": 1}}, {"model": "dkp.dkplog", "pk": 29, "fields": {"profile": 5, "amount": -1, "reason": "DKP Decay (2.0%)", "created_at": "2026-02-12T13:52:26.750Z", "created_by": 1}}, {"model": "dkp.dkplog", "pk": 30, "fields": {"profile": 6, "amount": -1, "reason": "DKP Decay (1.0%)", "created_at": "2026-02-12T13:54:32.203Z", "created_by": 1}}, {"model": "dkp.dkplog", "pk": 31, "fields": {"profile": 6, "amount": -1, "reason": "DKP Decay (1.0%)", "created_at": "2026-02-12T13:54:54.494Z", "created_by": 1}}, {"model": "dkp.dkplog", "pk": 32, "fields": {"profile": 6, "amount": -1, "reason": "DKP Decay (1.0%)", "created_at": "2026-02-12T13:54:59.413Z", "created_by": 1}}, {"model": "dkp.dkplog", "pk": 33, "fields": {"profile": 6, "amount": -1, "reason": "DKP Decay (1.0%)", "created_at": "2026-02-12T13:55:03.560Z", "created_by": 1}}, {"model": "dkp.dkplog", "pk": 34, "fields": {"profile": 6, "amount": -1, "reason": "DKP Decay (5.0%)", "created_at": "2026-02-12T13:58:14.940Z", "created_by": 1}}, {"model": "dkp.dkplog", "pk": 35, "fields": {"profile": 5, "amount": 11, "reason": "Admin Give (+11)", "created_at": "2026-02-12T14:10:13.601Z", "created_by": 1}}, {"model": "dkp.dkplog", "pk": 36, "fields": {"profile": 6, "amount": -7, "reason": "Admin Remove (-7)", "created_at": "2026-02-12T14:10:19.854Z", "created_by": 1}}, {"model": "dkp.dkplog", "pk": 37, "fields": {"profile": 5, "amount": -2, "reason": "DKP Decay (5.0%)", "created_at": "2026-02-14T14:54:54.251Z", "created_by": 1}}, {"model": "dkp.dkplog", "pk": 38, "fields": {"profile": 5, "amount": 9999, "reason": "Admin Give (+9999)", "created_at": "2026-02-14T14:55:06.803Z", "created_by": 1}}, {"model": "dkp.dkplog", "pk": 39, "fields": {"profile": 5, "amount": -401, "reason": "DKP Decay (4.0%)", "created_at": "2026-02-14T14:55:16.048Z", "created_by": 1}}, {"model": "dkp.dkplog", "pk": 40, "fields": {"profile": 5, "amount": 364, "reason": "Admin Give (+364)", "created_at": "2026-02-14T14:55:55.014Z", "created_by": 1}}, {"model": "dkp.dkplog", "pk": 41, "fields": {"profile": 5, "amount": -10, "reason": "Admin Remove (-10)", "created_at": "2026-02-14T14:56:00.611Z", "created_by": 1}}, {"model": "dkp.dkplog", "pk": 42, "fields": {"profile": 5, "amount": -400, "reason": "DKP Decay (4.0%)", "created_at": "2026-02-14T14:56:04.939Z", "created_by": 1}}, {"model": "dkp.dkplog", "pk": 43, "fields": {"profile": 6, "amount": 500, "reason": "Admin Give (+500)", "created_at": "2026-02-14T14:56:52.887Z", "created_by": 1}}, {"model": "dkp.dkplog", "pk": 44, "fields": {"profile": 5, "amount": 5000, "reason": "coba", "created_at": "2026-02-14T15:11:18.457Z", "created_by": 1}}, {"model": "dkp.dkplog", "pk": 45, "fields": {"profile": 6, "amount": 5000, "reason": "coba", "created_at": "2026-02-14T15:11:18.464Z", "created_by": 1}}, {"model": "dkp.dkplog", "pk": 46, "fields": {"profile": 5, "amount": 1000, "reason": "kasih 1000", "created_at": "2026-02-14T15:17:58.553Z", "created_by": 1}}, {"model": "dkp.dkplog", "pk": 47, "fields": {"profile": 6, "amount": 1000, "reason": "kasih 1000", "created_at": "2026-02-14T15:17:58.559Z", "created_by": 1}}, {"model": "dkp.dkplog", "pk": 48, "fields": {"profile": 5, "amount": -5000, "reason": "kurangg 5000", "created_at": "2026-02-14T15:19:05.546Z", "created_by": 1}}, {"model": "dkp.dkplog", "pk": 49, "fields": {"profile": 6, "amount": -5000, "reason": "kurangg 5000", "created_at": "2026-02-14T15:19:05.553Z", "created_by": 1}}, {"model": "dkp.dkplog", "pk": 50, "fields": {"profile": 5, "amount": -212, "reason": "coba", "created_at": "2026-02-14T15:19:29.216Z", "created_by": 1}}, {"model": "dkp.dkplog", "pk": 51, "fields": {"profile": 6, "amount": -30, "reason": "coba", "created_at": "2026-02-14T15:19:29.222Z", "created_by": 1}}, {"model": "dkp.dkplog", "pk": 52, "fields": {"profile": 6, "amount": 10000, "reason": "10rb", "created_at": "2026-02-14T15:20:09.103Z", "created_by": 1}}, {"model": "dkp.dkplog", "pk": 53, "fields": {"profile": 7, "amount": 3000, "reason": "gratiss", "created_at": "2026-02-15T08:00:10.706Z", "created_by": 1}}, {"model": "dkp.dkplog", "pk": 54, "fields": {"profile": 5, "amount": 20, "reason": "Event: user rtess (01)", "created_at": "2026-02-16T09:26:41.066Z", "created_by": 1}}, {"model": "dkp.dkplog", "pk": 55, "fields": {"profile": 6, "amount": 20, "reason": "Event: user rtess (01)", "created_at": "2026-02-16T09:27:29.067Z", "created_by": 1}}, {"model": "dkp.dkplog", "pk": 56, "fields": {"profile": 5, "amount": 20, "reason": "Event: even baruuu black (12)", "created_at": "2026-02-16T09:33:47.670Z", "created_by": 1}}, {"model": "dkp.dkplog", "pk": 57, "fields": {"profile": 6, "amount": 20, "reason": "Event: even baruuu black (12)", "created_at": "2026-02-16T09:33:50.634Z", "created_by": 1}}, {"model": "dkp.dkplog", "pk": 58, "fields": {"profile": 6, "amount": 30, "reason": "Event: eventt lagiiiii 16 2 (16 2 26)", "created_at": "2026-02-16T09:41:01.240Z", "created_by": 1}}, {"model": "dkp.dkplog", "pk": 59, "fields": {"profile": 5, "amount": 30, "reason": "Event: eventt lagiiiii 16 2 (16 2 26)", "created_at": "2026-02-16T09:41:02.742Z", "created_by": 1}}, {"model": "dkp.dkplog", "pk": 60, "fields": {"profile": 6, "amount": 20, "reason": "Event: tesdsfdslk fdsjklds ds (1321wq)", "created_at": "2026-02-16T09:46:39.470Z", "created_by": 1}}, {"model": "dkp.dkplog", "pk": 61, "fields": {"profile": 5, "amount": 20, "reason": "Event: tesdsfdslk fdsjklds ds (1321wq)", "created_at": "2026-02-16T09:46:40.944Z", "created_by": 1}}, {"model": "dkp.dkplog", "pk": 62, "fields": {"profile": 8, "amount": 3000, "reason": "tes", "created_at": "2026-02-16T09:48:32.380Z", "created_by": 1}}]